avg_rating,avg_upvotes,avg_sentiment,group_time_window,review_count,rating_deviation,early_time_window,verified_purchase,label
4.365079365079365,0.09523809523809523,0.19860202344972422,0.0,63,0.8062484252960442,0.9841269841269841,0.9047619047619048,0
4.083333333333333,0.08333333333333333,0.11586433691940894,0.0,36,0.9166666666666669,1.0,0.8333333333333334,0
2.9523809523809526,0.42857142857142855,0.17672476421861424,0.0,21,1.2063492063492063,1.0,1.0,0
4.0,0.08108108108108109,0.11097887349699731,0.0,37,0.972972972972973,1.0,0.8378378378378378,0
3.769230769230769,0.19230769230769232,0.34619002499155016,0.0,26,1.183431952662722,0.25,1.0,0
2.764705882352941,0.5882352941176471,0.242169757812438,0.0,17,1.0103806228373702,0.5294117647058824,1.0,1
4.8,0.6,0.11933915860539408,0.0,5,0.3200000000000001,0.25,1.0,1
3.875,0.625,0.12215571826732542,0.0,16,1.296875,0.5625,1.0,1
4.083333333333333,0.08333333333333333,0.11586433691940894,0.0,36,0.9166666666666669,1.0,0.8333333333333334,0
3.619047619047619,1.1904761904761905,0.11763217579236697,0.0,21,1.6507936507936503,1.0,1.0,0
4.25,1.9375,0.11383004933092554,0.0,48,1.0625,4.100478468899522,0.8125,0
4.52542372881356,0.3389830508474576,0.1447206843924846,0.0,59,0.7239299051996554,0.2708333333333333,0.7966101694915254,0
3.217391304347826,0.5652173913043478,0.2157075701608888,0.0,23,1.2211720226843108,0.5909090909090909,1.0,0
3.7254901960784315,1.7843137254901962,0.1756369921336843,0.0,51,0.9296424452133791,3.8352402745995424,0.8627450980392157,0
4.5,0.15,0.1259090272822676,0.0,20,0.55,0.23529411764705882,0.85,0
4.625,0.25,0.2613234427387596,0.0,16,0.46875,0.2857142857142857,1.0,1
4.108108108108108,0.08108108108108109,0.1154249305521253,0.0,37,0.91599707815924,1.0,0.8378378378378378,0
4.75,0.0,0.09992791977681612,0.0,8,0.375,0.0,0.875,1
3.375,0.0,0.23120829264322917,0.0,8,0.78125,0.0,1.0,1
4.857142857142857,1.1428571428571428,0.15602506783341066,0.0,7,0.24489795918367374,0.5,1.0,1
4.0,0.47058823529411764,0.06060160622969688,0.0,17,0.8235294117647058,0.47058823529411764,1.0,1
4.7,0.7,0.15564262363645767,0.0,10,0.41999999999999993,0.3333333333333333,0.8,1
5.0,0.1,0.22001378138860064,0.0,10,0.0,0.0,1.0,1
3.9,1.0,0.13378414754455986,0.0,20,1.2299999999999995,0.5,1.0,0
3.9166666666666665,0.08333333333333333,0.30078896856497206,0.0,12,0.7916666666666669,0.1111111111111111,0.8333333333333334,1
4.365079365079365,0.09523809523809523,0.19860202344972422,0.0,63,0.8062484252960442,0.9841269841269841,0.9047619047619048,0
3.111111111111111,0.0,0.18127895694561108,0.0,9,0.9876543209876542,0.0,1.0,1
4.636363636363637,0.2727272727272727,0.184856772121757,0.0,11,0.4628099173553718,0.18181818181818182,1.0,1
4.942857142857143,0.17142857142857143,0.25234849810153126,0.0,35,0.10775510204081615,0.2647058823529412,0.9428571428571428,0
3.896551724137931,0.2413793103448276,0.29299313959724926,0.0,29,1.0606420927467297,0.28,1.0,0
4.666666666666667,0.2,0.2656590830330607,0.0,15,0.48888888888888876,0.38461538461538464,0.9333333333333333,1
3.466666666666667,1.6666666666666667,0.24118730973475574,0.0,15,0.7733333333333333,1.0,0.8666666666666667,1
4.777777777777778,1.4444444444444444,0.1169037270627713,0.0,9,0.34567901234567905,0.0,1.0,1
4.0625,0.625,0.15169029449521387,0.0,16,1.171875,0.5,1.0,1
4.018867924528302,0.33962264150943394,0.21399168385938624,0.0,53,0.5183339266642935,0.2708333333333333,0.9811320754716981,0
4.827586206896552,0.10344827586206896,0.17775457913418558,0.0,29,0.3210463733650417,0.32142857142857145,0.6896551724137931,0
4.666666666666667,0.7222222222222222,0.1170748324591732,0.0,18,0.5555555555555551,0.3333333333333333,1.0,0
3.9285714285714284,0.5714285714285714,0.0640138644842748,0.0,14,0.9693877551020408,0.42857142857142855,1.0,1
3.7857142857142856,0.17857142857142858,0.33894147223917753,0.0,28,1.1071428571428577,0.2692307692307692,1.0,0
4.9393939393939394,0.18181818181818182,0.2789622819566541,0.0,33,0.11386593204775018,0.24242424242424243,0.9393939393939394,0
3.6363636363636362,0.0,0.24425379254601218,0.0,11,1.2561983471074378,0.3,0.9090909090909091,1
2.6666666666666665,0.0,0.1405887786919872,0.0,3,1.1111111111111112,0.3333333333333333,1.0,1
3.7636363636363637,1.7454545454545454,0.17600793087215894,0.0,55,0.9791735537190073,3.675438596491228,0.8727272727272727,0
2.7142857142857144,0.14285714285714285,0.12838350224852288,0.0,7,1.1836734693877549,0.42857142857142855,0.2857142857142857,1
4.9375,0.1875,0.25966255029274105,0.0,32,0.1171875,0.25,0.9375,0
4.777777777777778,0.7777777777777778,0.16309139125141098,0.0,9,0.34567901234567905,0.25,0.7777777777777778,1
3.7735849056603774,1.7169811320754718,0.17779253768336836,0.0,53,0.916340334638661,3.7536394176931696,0.8490566037735849,0
4.72972972972973,0.35135135135135137,0.13214766173586198,0.0,37,0.43827611395178956,0.2222222222222222,0.972972972972973,0
4.428571428571429,0.14285714285714285,0.2396309602601188,0.0,7,0.9795918367346937,0.16666666666666666,0.5714285714285714,1
3.25,0.75,0.005964432211694834,0.0,8,1.1875,0.25,1.0,1
4.130434782608695,0.17391304347826086,0.14088077322139414,0.0,23,0.9829867674858224,0.5238095238095238,0.6956521739130435,0
4.365079365079365,0.09523809523809523,0.19860202344972422,0.0,63,0.8062484252960442,0.9841269841269841,0.9047619047619048,0
4.023809523809524,0.14285714285714285,0.32647600791455905,0.0,42,0.7902494331065762,0.2571428571428571,1.0,0
5.0,0.11764705882352941,0.20688299655701814,0.0,17,0.0,0.35294117647058826,0.8823529411764706,1
4.266666666666667,1.2,0.20476658634295045,0.0,15,0.8800000000000002,0.5333333333333333,1.0,1
3.909090909090909,0.7272727272727273,0.08174329114825635,0.0,11,1.2231404958677685,0.45454545454545453,1.0,1
4.175438596491228,1.631578947368421,0.13242727369517798,0.0,57,1.0994152046783632,3.737938596491228,0.8245614035087719,0
3.9183673469387754,0.40816326530612246,0.2389932954516237,0.0,49,1.133694294044149,0.4090909090909091,1.0,0
3.7083333333333335,0.3333333333333333,0.3144629066915934,0.0,24,1.4131944444444449,0.2608695652173913,1.0,0
4.222222222222222,0.0,0.23766433439682094,0.0,9,1.037037037037037,0.3333333333333333,1.0,1
3.3636363636363638,0.5909090909090909,0.23975011318153647,0.0,22,1.2148760330578512,0.6666666666666666,1.0,0
4.857142857142857,0.0,0.12970505645306254,0.0,7,0.24489795918367374,0.0,0.8571428571428571,1
3.8,0.2,0.35988137599121217,0.0,25,1.1840000000000002,0.21739130434782608,1.0,0
4.081081081081081,0.08108108108108109,0.1127328683540195,0.0,37,0.8940832724616509,1.0,0.8378378378378378,0
3.6363636363636362,0.2727272727272727,0.18442078459073652,0.0,11,0.8264462809917354,0.125,1.0,1
4.083333333333333,0.08333333333333333,0.11586433691940894,0.0,36,0.9166666666666669,1.0,0.8333333333333334,0
4.27027027027027,0.2972972972972973,0.21919309417861624,0.0,37,0.6705624543462381,0.24242424242424243,0.918918918918919,0
4.935483870967742,0.1935483870967742,0.25772635626775553,0.0,31,0.12070759625390214,0.25806451612903225,0.9354838709677419,0
3.88,0.26,0.35178094557712386,0.0,50,0.4064000000000002,0.2,1.0,0
4.083333333333333,0.08333333333333333,0.11586433691940894,0.0,36,0.9166666666666669,1.0,0.8333333333333334,0
3.90625,0.25,0.3035602069073636,0.0,32,1.146484375,0.3,1.0,0
4.108108108108108,0.08108108108108109,0.1154249305521253,0.0,37,0.91599707815924,1.0,0.8378378378378378,0
4.407407407407407,0.25925925925925924,0.10853274093562196,0.0,27,0.7023319615912207,1.0,0.9629629629629629,0
4.631578947368421,0.10526315789473684,0.14373006453592913,0.0,19,0.5817174515235456,0.125,0.8421052631578947,0
4.6,1.2,0.13664442710179384,0.0,20,0.6000000000000002,0.05555555555555555,1.0,0
3.375,0.0,0.23120829264322917,0.0,8,0.78125,0.0,1.0,1
3.7,0.0,0.32402913411458334,0.0,10,0.82,0.2222222222222222,1.0,1
4.5625,0.1875,0.21698986079070123,0.0,16,0.546875,0.46153846153846156,1.0,1
4.078947368421052,0.07894736842105263,0.105050364123122,0.0,38,0.9210526315789473,1.0,0.8157894736842105,0
3.4444444444444446,0.0,0.205518482349537,0.0,9,0.7407407407407407,0.0,1.0,1
4.530612244897959,0.2653061224489796,0.24156298807565918,0.0,49,0.5939192003331945,0.21739130434782608,0.9795918367346939,0
4.8,0.4,0.2193009774552451,0.0,10,0.3200000000000001,0.2222222222222222,1.0,1
3.9285714285714284,0.5714285714285714,0.0640138644842748,0.0,14,0.9693877551020408,0.42857142857142855,1.0,1
4.804347826086956,0.043478260869565216,0.2514253527874902,0.0,46,0.31474480151228706,0.358974358974359,0.9782608695652174,0
4.9375,0.21875,0.25114597069242384,0.0,32,0.1171875,0.28125,0.9375,0
4.526315789473684,0.2631578947368421,0.11926308744514359,0.0,19,0.6481994459833794,0.21052631578947367,0.9473684210526315,0
4.214285714285714,1.2142857142857142,0.2101851817960183,0.0,14,0.8979591836734693,0.5,1.0,1
3.3,0.0,0.1965181020044145,0.0,10,1.0399999999999998,0.0,1.0,1
2.5454545454545454,0.45454545454545453,0.19033467761248088,0.0,11,1.6033057851239667,0.2727272727272727,1.0,1
3.1538461538461537,0.23076923076923078,0.09309560873689585,0.0,13,0.9585798816568046,0.38461538461538464,1.0,1
3.967741935483871,0.2903225806451613,0.24751650427433394,0.0,31,1.019771071800208,0.2222222222222222,1.0,0
3.6666666666666665,0.25,0.2003023858748418,0.0,12,0.7777777777777778,0.1111111111111111,1.0,1
4.684210526315789,0.21052631578947367,0.19499308210201047,0.0,19,0.4321329639889197,0.35294117647058826,1.0,0
4.6,0.3111111111111111,0.1569677091072362,0.0,45,0.5688888888888888,0.23255813953488372,0.9777777777777777,0
3.909090909090909,0.7272727272727273,0.08174329114825635,0.0,11,1.2231404958677685,0.45454545454545453,1.0,1
4.640625,0.125,0.24353217818651374,0.0,64,0.5615234375,0.21818181818181817,0.8125,0
5.0,0.1111111111111111,0.26920411727392257,0.0,9,0.0,0.14285714285714285,0.4444444444444444,1
4.828571428571428,0.11428571428571428,0.19875516057793824,0.0,35,0.313469387755102,0.3235294117647059,0.7428571428571429,0
4.088235294117647,0.17647058823529413,0.3984630353129898,0.0,34,1.0190311418685125,0.19862155388471178,1.0,0
3.111111111111111,0.0,0.2062610767505787,0.0,9,0.9876543209876542,0.0,1.0,1
4.337837837837838,0.28378378378378377,0.17792316182584583,0.0,74,0.8053323593864133,0.2542372881355932,0.8243243243243243,0
3.6666666666666665,0.0,0.11028219593895806,0.0,3,1.777777777777778,0.0,1.0,1
4.2,0.6,0.1649003430760511,0.0,5,1.2799999999999998,0.0,1.0,1
3.7777777777777777,0.0,0.3252520208005552,0.0,9,1.6296296296296298,0.375,0.8888888888888888,1
5.0,0.16666666666666666,0.2589337345626619,0.0,6,0.0,0.0,1.0,1
4.108108108108108,0.08108108108108109,0.1154249305521253,0.0,37,0.91599707815924,1.0,0.8378378378378378,0
4.613636363636363,0.1590909090909091,0.19615639289318343,0.0,44,0.5444214876033059,0.9772727272727273,0.8636363636363636,0
3.909090909090909,0.2727272727272727,0.08351732235095631,0.0,11,0.8595041322314049,0.09090909090909091,0.7272727272727273,1
5.0,0.0,0.1512679148021908,0.5614035087719298,6,0.0,0.5614035087719298,1.0,1
5.0,0.5,0.08605216787908249,0.0,12,0.0,0.4166666666666667,0.8333333333333334,1
4.3559322033898304,0.3559322033898305,0.19008632497694797,0.0,59,0.8296466532605579,0.2549019607843137,0.8983050847457628,0
4.647058823529412,0.11764705882352941,0.17040121939784605,0.0,17,0.5813148788927331,0.07142857142857142,0.8823529411764706,1
4.04,0.36,0.20328487661191194,0.0,50,0.46080000000000004,0.2765957446808511,0.98,0
2.0,0.0,0.156316040763709,0.0,4,1.0,0.5,0.0,1
4.095238095238095,2.2857142857142856,0.09866121257317527,0.0,42,1.2494331065759638,4.626180836707153,0.8571428571428571,0
3.6666666666666665,0.20833333333333334,0.2694396624706595,0.0,24,1.3888888888888884,0.3287566742944317,1.0,0
4.473684210526316,0.15789473684210525,0.22735819331422377,0.0,19,0.6648199445983382,0.23529411764705882,0.9473684210526315,0
3.4444444444444446,0.0,0.2730872745867129,0.0,9,0.7407407407407407,0.125,1.0,1
3.7777777777777777,0.18518518518518517,0.3514948600998878,0.0,27,1.1440329218106993,0.24,1.0,0
4.444444444444445,0.4,0.11986313231442962,0.0,45,0.8395061728395065,0.3157894736842105,0.7777777777777778,0
4.142857142857143,2.2142857142857144,0.11544345295534265,0.0,42,1.1428571428571423,4.6005398110661275,0.8571428571428571,0
4.866666666666666,1.1333333333333333,0.10999730484338573,0.0,15,0.2311111111111114,0.4666666666666667,1.0,1
3.227272727272727,0.5454545454545454,0.2218908761951883,0.0,22,1.268595041322314,0.6666666666666666,1.0,0
3.5454545454545454,1.1818181818181819,0.18310788731917393,0.0,11,0.8429752066115703,0.1,1.0,1
2.2,0.0,0.036360060222508955,0.0,5,1.04,0.5,0.0,1
4.153846153846154,0.23076923076923078,0.054059028272736225,0.0,13,1.0414201183431955,0.6153846153846154,0.9230769230769231,1
3.25,1.3333333333333333,0.02469614138844449,0.0,12,1.0833333333333333,0.3333333333333333,1.0,1
4.65,0.1,0.14383522797579934,0.0,20,0.5599999999999998,0.125,0.85,0
4.214285714285714,1.3571428571428572,0.17773393252923994,0.0,14,1.0102040816326525,0.25,1.0,1
4.428571428571429,0.3392857142857143,0.15840875987656627,0.0,56,0.7755102040816322,0.2978723404255319,0.8214285714285714,0
4.128205128205129,0.07692307692307693,0.11242783786600398,0.0,39,0.8941485864562788,1.0,0.8461538461538461,0
5.0,0.07142857142857142,0.3499485142529011,0.0,14,0.0,0.5,0.7142857142857143,1
4.90625,0.1875,0.26867613045109384,0.0,32,0.169921875,0.25,0.9375,0
3.5555555555555554,0.2222222222222222,0.31235023449939664,0.0,9,1.0370370370370372,0.5701754385964912,1.0,1
4.9375,1.375,0.08947315288816288,0.0,16,0.1171875,0.3125,1.0,1
4.046875,0.28125,0.2877312248782904,0.0,64,0.44677734375,0.23214285714285715,0.984375,0
3.9375,0.125,0.2991144253560277,0.0,16,0.9609375,0.40601503759398494,1.0,1
5.0,0.5,0.06803095094642082,0.5614035087719298,14,0.0,0.31228070175438594,1.0,1
3.0,0.47619047619047616,0.17346955588528093,0.0,21,1.2380952380952381,1.0,1.0,0
4.611111111111111,0.2222222222222222,0.11798049869652341,0.0,18,0.5185185185185186,0.23529411764705882,1.0,0
4.0,1.0,0.09875835775035204,0.0,13,0.9230769230769231,0.8461538461538461,0.8461538461538461,1
5.0,0.0,0.11432064560596976,1.0,6,0.0,1.0,1.0,1
3.888888888888889,0.24444444444444444,0.10231934372551091,0.0,45,0.7061728395061726,0.9777777777777777,0.9111111111111111,0
4.911764705882353,0.17647058823529413,0.25381696468926485,0.0,34,0.1608996539792385,0.24242424242424243,0.9411764705882353,0
3.375,0.0,0.23120829264322917,0.0,8,0.78125,0.0,1.0,1
4.935483870967742,0.1935483870967742,0.25772635626775553,0.0,31,0.12070759625390214,0.25806451612903225,0.9354838709677419,0
3.1818181818181817,0.2727272727272727,0.1862874401338173,0.0,11,1.0743801652892562,0.5,0.5454545454545454,1
3.96875,0.25,0.28423821299228225,0.0,32,1.173828125,0.352046783625731,1.0,0
3.9166666666666665,0.25,0.2898918531005081,0.0,12,0.9583333333333336,0.5055821371610846,1.0,1
4.733333333333333,0.13333333333333333,0.3054733263121711,0.0,15,0.42666666666666664,0.2857142857142857,0.8666666666666667,1
3.8947368421052633,0.5263157894736842,0.10271102065401232,0.0,19,1.1024930747922435,0.5263157894736842,1.0,1
4.777777777777778,0.2222222222222222,0.17591315388363096,0.0,18,0.37037037037037046,0.29411764705882354,0.9444444444444444,1
4.714285714285714,0.21428571428571427,0.23754550097273436,0.0,14,0.4081632653061224,0.3076923076923077,1.0,1
5.0,0.4444444444444444,0.1676329516340185,0.0,9,0.0,0.4444444444444444,1.0,1
3.466666666666667,1.0666666666666667,0.028692459985755592,0.0,15,1.04,0.4,1.0,1
4.6,0.3111111111111111,0.1569677091072362,0.0,45,0.5688888888888888,0.23255813953488372,0.9777777777777777,0
4.0476190476190474,0.07142857142857142,0.12951725900027458,0.0,42,0.9977324263038544,1.0,0.8333333333333334,0
4.875,0.875,0.1904974948718316,0.0,8,0.21875,0.14285714285714285,0.875,1
4.733333333333333,0.2,0.23026102191237144,0.0,15,0.3911111111111111,0.2857142857142857,0.9333333333333333,1
4.96875,0.03125,0.3927492057283719,0.0,32,0.060546875,0.04,0.875,0
4.791666666666667,0.2916666666666667,0.15189941134135057,0.0,24,0.34722222222222204,0.21739130434782608,0.9583333333333334,0
4.857142857142857,1.0,0.22351305365832758,0.0,7,0.24489795918367374,0.14285714285714285,0.8571428571428571,1
4.083333333333333,0.08333333333333333,0.11586433691940894,0.0,36,0.9166666666666669,1.0,0.8333333333333334,0
4.777777777777778,0.1111111111111111,0.26967117172299004,0.0,9,0.34567901234567905,0.5,1.0,1
4.083333333333333,0.08333333333333333,0.11586433691940894,0.0,36,0.9166666666666669,1.0,0.8333333333333334,0
3.8461538461538463,0.0,0.2540556421646705,0.0,13,1.1597633136094672,0.3333333333333333,0.9230769230769231,1
3.6363636363636362,0.09090909090909091,0.2510768214861552,0.0,11,0.7107438016528927,0.0,1.0,1
3.7,0.2,0.2885002695849269,0.0,10,1.02,0.50682261208577,1.0,1
3.9857142857142858,1.4,0.1464693279365523,0.0,70,0.7946938775510197,3.0918822479928636,0.8857142857142857,0
3.888888888888889,0.18518518518518517,0.34410775147035466,0.0,27,1.1358024691358024,0.26245614035087717,1.0,0
4.6875,0.1875,0.1985979022586616,0.0,16,0.46875,0.25,0.9375,1
4.083333333333333,0.08333333333333333,0.11586433691940894,0.0,36,0.9166666666666669,1.0,0.8333333333333334,0
3.909090909090909,0.7272727272727273,0.08174329114825635,0.0,11,1.2231404958677685,0.45454545454545453,1.0,1
4.564102564102564,0.07692307692307693,0.20662437530240738,0.0,39,0.625904010519396,0.3333333333333333,0.9743589743589743,0
4.3125,0.09375,0.1944848385566063,0.0,64,0.859375,0.984375,0.90625,0
4.25,0.125,0.30733321532597246,0.0,16,0.75,0.35714285714285715,1.0,1
4.875,0.125,0.10082473278356095,0.0,8,0.21875,0.375,1.0,1
4.108108108108108,0.08108108108108109,0.1154249305521253,0.0,37,0.91599707815924,1.0,0.8378378378378378,0
4.857142857142857,0.0,0.371995461838586,0.0,7,0.24489795918367374,0.0,0.8571428571428571,1
3.8076923076923075,0.19230769230769232,0.3460397846069348,0.0,26,1.142011834319527,0.25,1.0,0
4.75,0.125,0.19840603142758803,0.0,16,0.375,0.5,1.0,1
3.375,0.0,0.23120829264322917,0.0,8,0.78125,0.0,1.0,1
4.6875,0.125,0.3110788175021547,0.0,16,0.5078125,0.38461538461538464,0.75,1
4.352941176470588,0.2647058823529412,0.25793960093768886,0.0,34,0.6851211072664362,0.25806451612903225,0.9117647058823529,0
4.054054054054054,0.08108108108108109,0.11341800172958255,0.0,37,0.9203798392987579,0.972972972972973,0.8378378378378378,0
4.833333333333333,0.08333333333333333,0.1807911837783953,0.0,12,0.3055555555555558,0.25,1.0,1
4.513513513513513,0.21621621621621623,0.33281802520236453,0.0,37,0.6048210372534696,0.15151515151515152,1.0,0
4.833333333333333,0.3611111111111111,0.16822442212202018,0.0,36,0.2870370370370373,0.2,0.9722222222222222,0
5.0,0.125,0.1261630298725019,0.0,8,0.0,0.375,1.0,1
3.1666666666666665,0.0,0.16374853253364563,0.0,6,1.1666666666666667,0.8,1.0,1
4.875,0.125,0.29001714661717415,0.0,8,0.21875,0.375,1.0,1
3.824561403508772,0.40350877192982454,0.23057894720504654,0.0,57,1.0821791320406273,0.42,1.0,0
3.8666666666666667,0.23333333333333334,0.24403399327734093,0.0,30,1.0133333333333332,0.2692307692307692,1.0,0
3.8620689655172415,0.1724137931034483,0.33738745215918076,0.0,29,1.1058263971462543,0.28005198180636776,1.0,0
3.9375,0.8125,0.12240366033598384,0.0,16,1.3359375,0.4375,1.0,1
4.6521739130434785,0.391304347826087,0.12484182313912927,0.0,23,0.5444234404536861,0.2857142857142857,0.782608695652174,0
5.0,2.1666666666666665,0.06863286921095108,0.0,12,0.0,0.0,1.0,1
4.083333333333333,0.08333333333333333,0.11586433691940894,0.0,36,0.9166666666666669,1.0,0.8333333333333334,0
4.666666666666667,0.25,0.17056500680032094,0.0,36,0.5555555555555549,0.2903225806451613,0.6666666666666666,0
4.785714285714286,0.14285714285714285,0.2907610712245514,0.0,14,0.3367346938775511,0.5,1.0,1
3.7547169811320753,1.7358490566037736,0.15541004999707275,0.0,53,0.9362762548949795,3.675438596491228,0.8679245283018868,0
5.0,0.7142857142857143,0.07540776732677557,0.0,7,0.0,0.3333333333333333,1.0,1
3.736842105263158,1.2105263157894737,0.11595739759702717,0.0,19,1.3573407202216068,0.5,1.0,0
3.0,0.0,0.1356863260269165,0.0,5,1.2,0.75,1.0,1
4.928571428571429,0.8571428571428571,0.06849021300622882,0.0,14,0.13265306122448958,0.35714285714285715,1.0,1
4.266666666666667,0.13333333333333333,0.38116625746073957,0.0,15,0.7822222222222223,0.38461538461538464,1.0,1
4.083333333333333,0.08333333333333333,0.11586433691940894,0.0,36,0.9166666666666669,1.0,0.8333333333333334,0
4.306451612903226,0.3225806451612903,0.22792954680071037,0.0,62,0.8725286160249739,0.18,0.8709677419354839,0
4.631578947368421,0.15789473684210525,0.17229978171376303,0.0,19,0.5041551246537396,0.4375,1.0,0
4.083333333333333,0.08333333333333333,0.11586433691940894,0.0,36,0.9166666666666669,1.0,0.8333333333333334,0
3.375,0.0,0.23128257656381243,0.0,8,0.78125,0.0,1.0,1
4.875,0.1875,0.1963675353676081,0.0,16,0.21875,0.07142857142857142,0.875,1
4.083333333333333,0.08333333333333333,0.11586433691940894,0.0,36,0.9166666666666669,1.0,0.8333333333333334,0
3.32,0.36,0.19488460768580892,0.0,25,1.3215999999999999,1.0,1.0,0
4.75,0.5625,0.20519467379591583,0.0,16,0.40625,0.4,1.0,1
5.0,1.0,0.08838793104730622,0.0,13,0.0,0.38461538461538464,1.0,1
3.375,0.0,0.23120829264322917,0.0,8,0.78125,0.0,1.0,1
4.875,0.0,0.34584252536296844,0.0,8,0.21875,0.25,0.75,1
3.111111111111111,0.0,0.22287959346064815,0.0,9,0.9876543209876542,0.0,1.0,1
5.0,0.14285714285714285,0.11522826603835537,0.0,7,0.0,0.42857142857142855,1.0,1
4.5625,0.25,0.18345187020444242,0.0,16,0.546875,0.26666666666666666,1.0,1
4.590909090909091,0.22727272727272727,0.17291217771174033,0.0,22,0.5206611570247935,0.3157894736842105,1.0,0
3.5454545454545454,0.5454545454545454,0.016522605528959875,0.0,11,1.0247933884297522,0.36363636363636365,1.0,1
3.7333333333333334,1.2,0.07652096277323966,0.0,15,1.2533333333333334,0.4666666666666667,1.0,1
3.7333333333333334,1.2,0.07652096277323966,0.0,15,1.2533333333333334,0.4666666666666667,1.0,1
3.909090909090909,0.7272727272727273,0.08174329114825635,0.0,11,1.2231404958677685,0.45454545454545453,1.0,1
4.913043478260869,0.13043478260869565,0.2129595888777893,0.0,23,0.16635160680529334,0.606140350877193,0.8695652173913043,0
4.630434782608695,0.043478260869565216,0.2580415461027474,0.0,46,0.4981096408317581,0.34146341463414637,0.9782608695652174,0
3.25,0.75,0.005964432211694834,0.0,8,1.1875,0.25,1.0,1
4.083333333333333,0.08333333333333333,0.11586433691940894,0.0,36,0.9166666666666669,1.0,0.8333333333333334,0
4.365079365079365,0.09523809523809523,0.19860202344972422,0.0,63,0.8062484252960442,0.9841269841269841,0.9047619047619048,0
3.1,0.2,-0.021858838358150227,0.0,10,0.5399999999999998,0.3333333333333333,1.0,1
4.942857142857143,0.17142857142857143,0.23291045721810733,0.0,35,0.10775510204081615,0.24242424242424243,0.9428571428571428,0
4.222222222222222,0.3333333333333333,0.11030717496191586,0.0,9,1.037037037037037,0.3333333333333333,0.6666666666666666,1
5.0,0.0,0.2223493110565912,1.0,3,0.0,0.5614035087719298,1.0,1
4.65,0.2,0.13707668658360014,0.0,20,0.4899999999999999,0.21052631578947367,0.95,0
4.222222222222222,0.5,0.04542861577243898,0.0,18,0.777777777777778,0.19785575048732942,0.9444444444444444,0
5.0,0.3076923076923077,0.15588071917098031,0.0,13,0.0,0.8461538461538461,1.0,1
4.431818181818182,0.38636363636363635,0.11996509539563367,0.0,44,0.8522727272727277,0.3157894736842105,0.7727272727272727,0
4.933333333333334,0.8666666666666667,0.09326992117814675,0.0,15,0.12444444444444423,0.3333333333333333,1.0,1
4.083333333333333,0.08333333333333333,0.11586433691940894,0.0,36,0.9166666666666669,1.0,0.8333333333333334,0
4.7894736842105265,0.21052631578947367,0.1724801629438039,0.0,19,0.3545706371191134,0.2777777777777778,0.9473684210526315,0
4.90625,0.1875,0.26139115763438814,0.0,32,0.169921875,0.28125,0.9375,0
5.0,0.0,0.21227278595878962,0.0,7,0.0,0.0,1.0,1
3.3333333333333335,1.2222222222222223,0.0851101572316354,0.0,9,0.9629629629629631,0.4444444444444444,1.0,1
3.6666666666666665,0.08333333333333333,0.28083034720685746,0.0,12,0.6666666666666666,0.09090909090909091,1.0,1
3.375,0.0,0.23120829264322917,0.0,8,0.78125,0.0,1.0,1
3.8,0.2,0.35988137599121217,0.0,25,1.1840000000000002,0.21739130434782608,1.0,0
3.789473684210526,1.5964912280701755,0.18636452871331685,0.0,57,0.886426592797784,3.4592363261093912,0.8771929824561403,0
3.5714285714285716,0.42857142857142855,0.022820230602137087,0.0,7,1.0612244897959184,0.14285714285714285,1.0,1
3.25,0.75,0.005964432211694834,0.0,8,1.1875,0.25,1.0,1
5.0,0.14285714285714285,0.22247390333299838,0.0,14,0.0,0.5,0.7857142857142857,1
3.909090909090909,0.7272727272727273,0.08174329114825635,0.0,11,1.2231404958677685,0.45454545454545453,1.0,1
4.016129032258065,0.2903225806451613,0.27598978648509687,0.0,62,0.41259105098855386,0.24074074074074073,0.9838709677419355,0
4.583333333333333,0.25,0.18437613961490196,0.0,24,0.5555555555555558,0.45,0.9583333333333334,0
4.083333333333333,0.1111111111111111,0.1167688870744128,0.0,36,0.9166666666666669,1.0,0.8333333333333334,0
3.5555555555555554,0.0,0.24265900222712725,0.0,9,0.8148148148148149,0.0,1.0,1
4.613636363636363,0.1590909090909091,0.19615639289318343,0.0,44,0.5444214876033059,0.9772727272727273,0.8636363636363636,0
4.571428571428571,0.23809523809523808,0.16620203426623795,0.0,21,0.5306122448979592,0.3333333333333333,1.0,0
4.083333333333333,0.08333333333333333,0.11586433691940894,0.0,36,0.9166666666666669,1.0,0.8333333333333334,0
4.666666666666667,0.4166666666666667,0.1318057721675422,0.0,24,0.49999999999999956,0.2608695652173913,0.9583333333333334,0
4.44,0.08,0.21705841462808212,0.0,25,0.7615999999999994,0.19047619047619047,0.96,0
4.714285714285714,0.0,0.282241811354955,0.0,7,0.4081632653061224,0.5,1.0,1
4.083333333333333,0.08333333333333333,0.11586433691940894,0.0,36,0.9166666666666669,1.0,0.8333333333333334,0
4.518518518518518,0.25925925925925924,0.1675639518695458,0.0,27,0.6063100137174211,0.4090909090909091,0.9629629629629629,0
4.2153846153846155,0.2923076923076923,0.1473303924624271,0.0,65,0.9656804733727813,0.24528301886792453,0.7846153846153846,0
4.935483870967742,0.1935483870967742,0.2577263562677555,0.0,31,0.12070759625390214,0.25806451612903225,0.9354838709677419,0
4.083333333333333,0.08333333333333333,0.11586433691940894,0.0,36,0.9166666666666669,1.0,0.8333333333333334,0
3.375,0.0,0.23120829264322917,0.0,8,0.78125,0.0,1.0,1
4.764705882352941,0.17647058823529413,0.15543143423246553,0.0,17,0.35986159169550175,0.23529411764705882,0.9411764705882353,1
3.5625,1.125,0.054312865490537175,0.0,16,1.3671875,0.5,1.0,1
3.6923076923076925,1.75,0.18395395632600928,0.0,52,0.949704142011834,3.92046783625731,0.8653846153846154,0
4.935483870967742,0.1935483870967742,0.25772635626775553,0.0,31,0.12070759625390214,0.25806451612903225,0.9354838709677419,0
4.083333333333333,0.08333333333333333,0.11586433691940894,0.0,36,0.9166666666666669,1.0,0.8333333333333334,0
4.359375,0.09375,0.20500072824167515,0.0,64,0.80078125,0.984375,0.90625,0
4.0,0.37037037037037035,0.19557739421113246,0.0,54,0.5185185185185185,0.2653061224489796,0.9814814814814815,0
4.083333333333333,0.08333333333333333,0.11586433691940894,0.0,36,0.9166666666666669,1.0,0.8333333333333334,0
4.862068965517241,0.13793103448275862,0.14227202333508496,0.0,29,0.24732461355529153,0.2413793103448276,0.9310344827586207,0
3.9473684210526314,0.3508771929824561,0.2130439109508438,0.0,57,0.5096952908587258,0.26,0.9824561403508771,0
4.72972972972973,0.35135135135135137,0.13214766173586198,0.0,37,0.43827611395178956,0.2222222222222222,0.972972972972973,0
4.105263157894737,0.07894736842105263,0.11276524672221691,0.0,38,0.8947368421052634,1.0,0.8421052631578947,0
3.9,0.26666666666666666,0.29339159752779204,0.0,30,1.2200000000000002,0.32142857142857145,1.0,0
4.666666666666667,0.0,0.16355904738108318,0.0,12,0.6111111111111108,0.3,0.75,1
5.0,0.07692307692307693,0.3027729340088673,0.0,13,0.0,0.14285714285714285,1.0,1
4.428571428571429,0.047619047619047616,0.27560550929657623,0.0,21,0.54421768707483,0.16666666666666666,0.9523809523809523,0
4.0,1.4142857142857144,0.1465200144879312,0.0,70,0.8,3.1088314005352364,0.8857142857142857,0
3.9285714285714284,0.17857142857142858,0.3311144374742227,0.0,28,1.1122448979591841,0.19230769230769232,1.0,0
4.083333333333333,0.08333333333333333,0.11586433691940894,0.0,36,0.9166666666666669,1.0,0.8333333333333334,0
4.367647058823529,0.29411764705882354,0.16728581536425322,0.0,68,0.8369377162629759,0.2631578947368421,0.8088235294117647,0
4.083333333333333,0.08333333333333333,0.11586433691940894,0.0,36,0.9166666666666669,1.0,0.8333333333333334,0
4.925925925925926,0.1111111111111111,0.4126320487110888,0.0,27,0.1371742112482856,0.04,0.8148148148148148,0
4.75,0.25,0.20410931035876273,0.0,8,0.375,0.25,1.0,1
4.9,0.1,0.4689799726009369,0.0,10,0.17999999999999972,0.2,1.0,1
3.7,0.0,0.32402913411458334,0.0,10,0.82,0.2222222222222222,1.0,1
4.083333333333333,0.08333333333333333,0.11586433691940894,0.0,36,0.9166666666666669,1.0,0.8333333333333334,0
4.083333333333333,0.08333333333333333,0.11586433691940894,0.0,36,0.9166666666666669,1.0,0.8333333333333334,0
4.490566037735849,0.3584905660377358,0.1271126896947195,0.0,53,0.7689569241723039,0.2619047619047619,0.7735849056603774,0
4.190476190476191,0.14285714285714285,0.26795421138264264,0.0,21,0.7709750566893425,0.15,0.8571428571428571,0
4.777777777777778,0.7777777777777778,0.09660378963488496,0.0,18,0.4197530864197532,0.3888888888888889,1.0,0
4.290322580645161,0.16129032258064516,0.29719747073993996,0.0,31,0.6409989594172737,0.1935483870967742,0.967741935483871,0
5.0,0.7647058823529411,0.10154614188611907,0.0,17,0.0,0.35294117647058826,1.0,1
4.625,0.125,0.17193671227687812,0.0,16,0.609375,0.07142857142857142,0.875,1
4.875,0.125,0.23637939726858714,0.0,16,0.21875,0.42857142857142855,0.8125,1
4.083333333333333,0.08333333333333333,0.11586433691940894,0.0,36,0.9166666666666669,1.0,0.8333333333333334,0
3.588235294117647,1.0588235294117647,0.10730718858552567,0.0,17,1.1903114186851216,0.4117647058823529,1.0,1
3.4814814814814814,0.7037037037037037,0.2412282844960522,0.0,27,1.3141289437585735,0.5769230769230769,1.0,0
5.0,0.0,0.06995232016887798,1.0,3,0.0,0.0,1.0,1
4.153846153846154,0.07692307692307693,0.12275286478717073,0.0,39,0.9112426035502961,0.9743589743589743,0.8461538461538461,0
3.7209302325581395,0.3488372093023256,0.2632035304847372,0.0,43,0.5473228772309359,0.21951219512195122,1.0,0
3.5454545454545454,0.2727272727272727,0.2705517366074609,0.0,11,0.9421487603305786,0.5561403508771929,1.0,1
3.6666666666666665,0.08333333333333333,0.1330372041044944,0.0,12,1.1111111111111114,0.2,0.9166666666666666,1
4.0,0.26666666666666666,0.25252237605115113,0.0,15,0.8,0.2,0.8666666666666667,1
4.769230769230769,0.07692307692307693,0.1668841696415956,0.0,13,0.3905325443786983,0.23076923076923078,1.0,1
5.0,0.0,0.2134789569037301,0.0,7,0.0,0.0,1.0,1
3.3333333333333335,0.0,0.20481545594003467,0.0,12,0.6666666666666669,0.36363636363636365,1.0,1
4.714285714285714,0.07142857142857142,0.2805125543049404,0.0,14,0.44897959183673464,0.36363636363636365,0.7857142857142857,1
4.083333333333333,0.08333333333333333,0.11586433691940894,0.0,36,0.9166666666666669,1.0,0.8333333333333334,0
4.857142857142857,0.14285714285714285,0.288011086838586,0.0,7,0.24489795918367374,0.2857142857142857,1.0,1
4.857142857142857,0.2857142857142857,0.29912034670511883,0.0,7,0.24489795918367374,0.14285714285714285,0.8571428571428571,1
4.0,0.17777777777777778,0.22714116394816403,0.0,45,0.4,0.11627906976744186,0.9555555555555556,0
3.76,0.16,0.15622831533405399,0.0,25,0.8864000000000007,0.16,0.88,0
2.923076923076923,0.38461538461538464,0.1836581802812739,0.0,13,1.7633136094674557,0.3508771929824561,1.0,1
4.023255813953488,1.1395348837209303,0.1681175510100011,0.0,86,0.8177393185505685,2.697368421052632,0.8953488372093024,0
4.777777777777778,0.4444444444444444,0.2098833566094622,0.0,9,0.34567901234567905,0.2222222222222222,1.0,1
4.75,0.0625,0.16699000336229802,0.0,16,0.46875,0.07142857142857142,0.9375,1
3.814814814814815,0.18518518518518517,0.3670078924067473,0.0,27,1.1028806584362134,0.2,1.0,0
4.894736842105263,0.21052631578947367,0.1187874488154637,0.0,19,0.18836565096952934,0.3684210526315789,0.9473684210526315,0
4.6923076923076925,0.23076923076923078,0.21815619796546076,0.0,13,0.4260355029585798,0.3333333333333333,1.0,1
4.032258064516129,0.04838709677419355,0.11551685089489572,0.0,62,0.561914672216441,0.9032258064516129,0.9032258064516129,0
4.083333333333333,0.08333333333333333,0.11586433691940895,0.0,36,0.9166666666666666,1.0,0.8333333333333334,0
3.375,0.0,0.23120829264322917,0.0,8,0.78125,0.0,1.0,1
5.0,0.0,0.3814028572468531,0.0,21,0.0,0.0,1.0,0
3.0,0.6666666666666666,-0.025677015117382365,0.0,9,1.3333333333333333,0.3333333333333333,1.0,1
4.935483870967742,0.1935483870967742,0.25772635626775553,0.0,31,0.12070759625390214,0.25806451612903225,0.9354838709677419,0
4.083333333333333,0.08333333333333333,0.11586433691940894,0.0,36,0.9166666666666669,1.0,0.8333333333333334,0
3.4444444444444446,0.0,0.2730872745867129,0.0,9,0.7407407407407407,0.125,1.0,1
3.375,0.0,0.23120829264322917,0.0,8,0.78125,0.0,1.0,1
4.75,0.15,0.08569486656559429,0.0,20,0.45,0.25,0.9,0
4.75,0.25,0.25090581849217414,0.0,8,0.375,0.2857142857142857,1.0,1
4.828571428571428,0.6285714285714286,0.23219352430392268,0.0,35,0.293877551020408,0.25,0.9428571428571428,0
5.0,0.08333333333333333,0.2578366942489083,0.0,12,0.0,0.2838915470494418,0.75,1
3.6363636363636362,0.2727272727272727,0.18442078459073652,0.0,11,0.8264462809917354,0.125,1.0,1
4.454545454545454,0.06818181818181818,0.22282695293350277,0.0,44,0.7438016528925623,0.1388888888888889,0.7727272727272727,0
4.769230769230769,0.15384615384615385,0.1352094291018593,0.0,26,0.4082840236686388,0.28,0.9230769230769231,0
3.2142857142857144,0.21428571428571427,0.11432167259589167,0.0,14,1.5816326530612241,0.15384615384615385,0.9285714285714286,1
4.083333333333333,0.08333333333333333,0.11586433691940894,0.0,36,0.9166666666666669,1.0,0.8333333333333334,0
5.0,0.9230769230769231,0.07375869092978486,0.0,13,0.0,0.38461538461538464,1.0,1
4.333333333333333,0.31746031746031744,0.1537978472408605,0.0,63,0.8677248677248673,0.2549019607843137,0.7936507936507936,0
4.733333333333333,0.2,0.19485178173958168,0.0,15,0.42666666666666664,0.26666666666666666,0.9333333333333333,1
5.0,1.25,0.06715660848673825,0.0,16,0.0,0.16666666666666666,1.0,1
4.923076923076923,0.07692307692307693,0.403355072133052,0.0,13,0.1420118343195264,0.3333333333333333,1.0,1
4.777777777777778,0.4444444444444444,0.2098833566094622,0.0,9,0.34567901234567905,0.2222222222222222,1.0,1
4.769230769230769,0.15384615384615385,0.4597262763060056,0.0,13,0.3550295857988166,0.09090909090909091,1.0,1
3.6315789473684212,0.0,0.0884237627544597,0.0,19,1.335180055401662,0.10526315789473684,0.9473684210526315,0
4.0,0.2,0.3094169696172079,0.0,5,1.2,0.0,1.0,1
4.0,0.42105263157894735,0.15629743815467992,0.0,38,0.8947368421052632,0.2647058823529412,0.8157894736842105,0
4.318181818181818,0.3181818181818182,0.08101914205123688,0.0,22,0.7438016528925622,1.0,0.9545454545454546,0
4.578947368421052,0.21052631578947367,0.23192749493778264,0.0,19,0.5761772853185598,0.5625,0.9473684210526315,0
4.083333333333333,0.08333333333333333,0.11586433691940895,0.0,36,0.9166666666666666,1.0,0.8333333333333334,0
4.620689655172414,0.10344827586206896,0.14626244612967323,0.0,29,0.4970273483947683,0.2916666666666667,0.896551724137931,0
4.9375,0.8125,0.11161388578004319,0.0,16,0.1171875,0.25,1.0,1
3.4444444444444446,0.0,0.2730872745867129,0.0,9,0.7407407407407407,0.125,1.0,1
5.0,0.07692307692307693,0.29503025079603556,0.0,13,0.0,0.6769005847953217,0.8461538461538461,1
5.0,0.14285714285714285,0.23708531290188076,0.0,14,0.0,0.46153846153846156,0.7857142857142857,1
4.027777777777778,0.5,0.13075644812473486,0.0,36,0.9722222222222224,0.02857142857142857,0.9722222222222222,0
3.0,0.2,0.01340484619140625,0.0,5,1.6,0.4,0.8,1
4.108108108108108,0.08108108108108109,0.1154249305521253,0.0,37,0.91599707815924,1.0,0.8378378378378378,0
4.9411764705882355,0.17647058823529413,0.21517398578227,0.0,17,0.11072664359861573,0.13333333333333333,0.8823529411764706,1
3.9166666666666665,0.08333333333333333,0.30078896856497206,0.0,12,0.7916666666666669,0.1111111111111111,0.8333333333333334,1
3.909090909090909,0.2727272727272727,0.05587554370847528,0.0,11,0.8595041322314049,0.18181818181818182,0.7272727272727273,1
4.0,0.16666666666666666,0.39765036401062115,0.0,30,1.0666666666666667,0.32142857142857145,1.0,0
5.0,0.125,0.14672317028356097,0.0,8,0.0,0.375,1.0,1
4.317460317460317,0.30158730158730157,0.16161915475503721,0.0,63,0.8667170571932479,0.25,0.7936507936507936,0
3.5416666666666665,0.20833333333333334,0.2777501596788843,0.0,24,1.3611111111111107,0.30434782608695654,1.0,0
4.217391304347826,0.30434782608695654,0.06889857473379178,0.0,23,0.8166351606805292,1.0,0.9565217391304348,0
4.75,0.1875,0.14614217605528895,0.0,16,0.375,0.25,1.0,1
3.7857142857142856,0.21428571428571427,0.27551054208767184,0.0,28,1.0510204081632655,0.25,1.0,0
3.8333333333333335,0.35714285714285715,0.26282999533765095,0.0,42,0.563492063492063,0.225,1.0,0
4.083333333333333,0.08333333333333333,0.11586433691940894,0.0,36,0.9166666666666669,1.0,0.8333333333333334,0
3.8333333333333335,0.25,0.16457822549149367,0.0,24,0.8333333333333334,0.17391304347826086,0.875,0
3.7241379310344827,0.1724137931034483,0.35756974689825755,0.0,29,1.1391200951248515,0.15384615384615385,1.0,0
3.25,0.6,0.2457889265830234,0.0,20,1.2,0.6842105263157895,1.0,0
4.75,0.25,0.20410931035876273,0.0,8,0.375,0.25,1.0,1
4.733333333333333,0.13333333333333333,0.25293965330951057,0.0,15,0.3911111111111111,0.5384615384615384,1.0,1
4.131578947368421,0.07894736842105263,0.1188469806648339,0.0,38,0.9141274238227148,1.0,0.8157894736842105,0
4.083333333333333,0.08333333333333333,0.11586433691940894,0.0,36,0.9166666666666669,1.0,0.8333333333333334,0
4.777777777777778,0.8333333333333334,0.09526864640660929,0.0,18,0.34567901234567905,0.2777777777777778,1.0,0
2.9523809523809526,0.42857142857142855,0.17672476421861424,0.0,21,1.2063492063492063,1.0,1.0,0
5.0,0.75,0.19702330749893518,1.0,8,0.0,1.0,1.0,1
4.365079365079365,0.09523809523809523,0.19860202344972422,0.0,63,0.8062484252960442,0.9841269841269841,0.9047619047619048,0
3.375,0.0,0.23120829264322917,0.0,8,0.78125,0.0,1.0,1
3.375,0.0,0.23128257656381243,0.0,8,0.78125,0.0,1.0,1
4.0,0.16279069767441862,0.2678389399042817,0.0,43,0.7441860465116279,0.25,1.0,0
5.0,0.15384615384615385,0.2425310530485175,0.0,13,0.0,0.5,0.7692307692307693,1
4.083333333333333,0.08333333333333333,0.11586433691940894,0.0,36,0.9166666666666669,1.0,0.8333333333333334,0
4.777777777777778,0.4444444444444444,0.2098833566094622,0.0,9,0.34567901234567905,0.2222222222222222,1.0,1
1.2,0.2,0.011501001149691431,0.0,5,0.31999999999999995,0.6,0.0,1
4.142857142857143,0.25,0.16455837180810243,0.0,56,0.5510204081632653,0.21153846153846154,0.9285714285714286,0
4.875,0.5,0.2928867211772336,0.0,8,0.21875,0.25,1.0,1
4.615384615384615,0.15384615384615385,0.161941848430588,0.0,13,0.532544378698225,0.36363636363636365,1.0,1
5.0,0.5,0.210653871523232,0.0,8,0.0,0.375,1.0,1
4.5,0.25,0.11960012416023313,0.0,12,0.5,0.18181818181818182,1.0,1
4.705882352941177,0.17647058823529413,0.24347146978605233,0.0,17,0.44982698961937706,0.25,0.9411764705882353,1
3.0,0.5,0.15330801355625215,0.0,6,1.6666666666666667,0.3333333333333333,1.0,1
4.2727272727272725,0.5454545454545454,0.21422109206804169,0.0,11,0.9256198347107439,0.36363636363636365,1.0,1
4.6923076923076925,0.15384615384615385,0.13278918825226388,0.0,13,0.5680473372781063,0.6666666666666666,0.9230769230769231,1
2.3333333333333335,0.3333333333333333,-0.02647438645362854,0.0,3,1.1111111111111112,0.5,0.3333333333333333,1
4.733333333333333,0.2,0.1349633084544888,0.0,15,0.3911111111111111,0.26666666666666666,1.0,1
4.105263157894737,0.07894736842105263,0.11276524672221691,0.0,38,0.8947368421052634,1.0,0.8421052631578947,0
4.777777777777778,0.2222222222222222,0.2152148942152659,0.0,9,0.34567901234567905,0.25,1.0,1
4.393939393939394,0.09090909090909091,0.19891171325656917,0.0,66,0.7897153351698811,0.9696969696969697,0.9090909090909091,0
3.0,0.1,0.10177206537973689,0.0,10,1.0,0.5,0.4,1
5.0,0.2727272727272727,0.09478647782673014,0.0,11,0.0,0.4,1.0,1
4.230769230769231,0.15384615384615385,0.2919796158599199,0.0,39,0.6311637080867849,0.2222222222222222,0.9743589743589743,0
3.375,0.0,0.23120829264322917,0.0,8,0.78125,0.0,1.0,1
3.7,0.2,0.30838222751988925,0.0,10,1.02,0.50682261208577,1.0,1
3.8,0.13333333333333333,0.38395024206885997,0.0,15,0.9333333333333331,0.46345029239766083,1.0,1
3.909090909090909,0.7272727272727273,0.08174329114825635,0.0,11,1.2231404958677685,0.45454545454545453,1.0,1
4.37037037037037,0.5555555555555556,0.08816102317027807,0.0,27,0.9327846364883402,1.0,0.8518518518518519,0
3.411764705882353,1.0588235294117647,0.0795099403710424,0.0,17,1.2110726643598613,0.47058823529411764,1.0,1
4.75,0.25,0.20410931035876273,0.0,8,0.375,0.25,1.0,1
4.108108108108108,0.08108108108108109,0.1154249305521253,0.0,37,0.91599707815924,1.0,0.8378378378378378,0
5.0,0.5714285714285714,0.2441450971634786,0.0,7,0.0,0.0,1.0,1
4.6923076923076925,0.23076923076923078,0.21815619796546076,0.0,13,0.4260355029585798,0.3333333333333333,1.0,1
4.743589743589744,0.3333333333333333,0.15879218241952503,0.0,39,0.4207758053911898,0.1891891891891892,0.9743589743589743,0
3.95,0.65,0.19015329977798115,0.0,20,0.6700000000000002,1.0,1.0,0
3.9615384615384617,0.15384615384615385,0.1291273661536854,0.0,26,1.0562130177514792,0.4583333333333333,0.7307692307692307,0
3.25,0.75,0.005964432211694834,0.0,8,1.1875,0.25,1.0,1
3.076923076923077,0.23076923076923078,0.10752284920238121,0.0,13,1.5976331360946747,0.16666666666666666,0.9230769230769231,1
4.32258064516129,0.3064516129032258,0.15441754224891555,0.0,62,0.8740894901144644,0.2549019607843137,0.7903225806451613,0
4.5,0.16666666666666666,0.22583422016252166,0.0,18,0.6666666666666666,0.25,0.9444444444444444,0
3.375,0.0,0.23120829264322917,0.0,8,0.78125,0.0,1.0,1
4.75,0.25,0.23005712628364564,0.0,4,0.375,0.0,1.0,1
4.153846153846154,0.07692307692307693,0.12275286478717073,0.0,39,0.9112426035502961,0.9743589743589743,0.8461538461538461,0
4.875,0.8125,0.10072269964711958,0.0,16,0.21875,0.4375,1.0,1
4.4222222222222225,0.37777777777777777,0.13081296283427699,0.0,45,0.8474074074074069,0.3076923076923077,0.7777777777777778,0
2.909090909090909,0.09090909090909091,0.09719758730156039,0.0,11,1.0247933884297522,0.5,0.45454545454545453,1
4.631578947368421,0.21052631578947367,0.12828811403182697,0.0,19,0.5041551246537396,0.2222222222222222,1.0,0
5.0,0.4,0.14029836740811666,0.0,10,0.0,0.4,1.0,1
4.365079365079365,0.09523809523809523,0.19860202344972422,0.0,63,0.8062484252960442,0.9841269841269841,0.9047619047619048,0
5.0,0.0,0.27646622846001073,0.0,19,0.0,0.2222222222222222,0.6842105263157895,1
4.0,0.3387096774193548,0.20540746311290142,0.0,62,0.5161290322580645,0.2641509433962264,0.9838709677419355,0
4.083333333333333,0.08333333333333333,0.11586433691940894,0.0,36,0.9166666666666669,1.0,0.8333333333333334,0
4.083333333333333,0.08333333333333333,0.11586433691940895,0.0,36,0.9166666666666666,1.0,0.8333333333333334,0
3.5,1.0,0.11539113219413492,0.0,8,1.0,1.0,1.0,1
4.733333333333333,0.2,0.19485178173958168,0.0,15,0.42666666666666664,0.26666666666666666,0.9333333333333333,1
4.023529411764706,1.2705882352941176,0.16198378355010773,0.0,85,0.8501038062283732,2.6826625386996907,0.8941176470588236,0
3.230769230769231,0.34615384615384615,0.19121857418174934,0.0,26,1.195266272189349,1.0,1.0,0
4.6875,0.1875,0.2595390700155767,0.0,16,0.46875,0.42857142857142855,0.875,1
3.7333333333333334,1.2,0.07652096277323966,0.0,15,1.2533333333333334,0.4666666666666667,1.0,1
3.076923076923077,1.2307692307692308,0.00134962330087184,0.0,13,1.1597633136094674,0.38461538461538464,1.0,1
4.53125,0.15625,0.157116169108054,0.0,32,0.615234375,0.2903225806451613,0.96875,0
3.4166666666666665,0.25,0.15082321920817515,0.0,12,1.0138888888888888,0.1111111111111111,1.0,1
4.3,0.2,0.17485587742383704,0.0,30,0.6999999999999998,0.21428571428571427,0.9666666666666667,0
3.8461538461538463,0.07692307692307693,0.2801434483631572,0.0,13,0.8284023668639052,0.1111111111111111,0.8461538461538461,1
4.714285714285714,0.21428571428571427,0.22498969740130578,0.0,14,0.4081632653061224,0.3076923076923077,1.0,1
4.7,0.4,0.21034799920188055,0.0,10,0.41999999999999993,0.2,1.0,1
3.25,0.75,0.005964432211694834,0.0,8,1.1875,0.25,1.0,1
5.0,0.25,0.17849538646586388,1.0,4,0.0,0.5,1.0,1
4.9,0.15,0.1806163536233313,0.0,20,0.18999999999999967,0.5882352941176471,0.85,0
4.617021276595745,0.2978723404255319,0.1780208199991535,0.0,47,0.5540968764146674,0.20454545454545456,0.9787234042553191,0
3.3333333333333335,0.0,0.2091842020502087,0.0,9,0.7407407407407407,0.0,1.0,1
3.857142857142857,0.21428571428571427,0.25342826332757884,0.0,28,1.0816326530612244,0.31505847953216376,1.0,0
4.631578947368421,0.21052631578947367,0.12777413376866906,0.0,19,0.5041551246537396,0.2222222222222222,0.9473684210526315,0
4.153846153846154,0.07692307692307693,0.12275286478717073,0.0,39,0.9112426035502961,0.9743589743589743,0.8461538461538461,0
4.333333333333333,0.5,0.2594895337826009,0.0,12,0.7777777777777777,0.1,0.75,1
3.25,1.3333333333333333,0.02469614138844449,0.0,12,1.0833333333333333,0.3333333333333333,1.0,1
4.48,0.36,0.14160024045488676,0.0,50,0.7903999999999991,0.3181818181818182,0.8,0
2.6923076923076925,0.38461538461538464,0.19900063666568896,0.0,13,1.5147928994082842,0.3076923076923077,1.0,1
5.0,0.0,0.36676064513137263,0.0,7,0.0,0.44611528822055135,0.7142857142857143,1
3.7777777777777777,1.0,0.0636017967637568,0.0,18,1.074074074074074,0.4444444444444444,1.0,1
4.083333333333333,0.08333333333333333,0.11586433691940895,0.0,36,0.9166666666666666,1.0,0.8333333333333334,0
4.318181818181818,0.2727272727272727,0.24154699784611164,0.0,66,0.909090909090909,0.18867924528301888,0.803030303030303,0
5.0,1.0714285714285714,0.10932685606734825,0.0,14,0.0,0.21428571428571427,1.0,1
4.733333333333333,0.2,0.19485178173958168,0.0,15,0.42666666666666664,0.26666666666666666,0.9333333333333333,1
4.666666666666667,0.3333333333333333,0.19570090422225694,0.0,12,0.49999999999999983,0.3333333333333333,0.8333333333333334,1
4.04,0.28,0.18329302777608614,0.0,25,0.8447999999999999,0.20833333333333334,0.76,0
4.153846153846154,0.07692307692307693,0.12275286478717073,0.0,39,0.9112426035502961,0.9743589743589743,0.8461538461538461,0
4.266666666666667,0.2833333333333333,0.1756014410287534,0.0,60,0.9044444444444445,0.1836734693877551,0.8166666666666667,0
4.066666666666666,0.23333333333333334,0.2812095132361913,0.0,30,0.7466666666666666,0.10714285714285714,0.9,0
4.622641509433962,0.05660377358490566,0.29280426229309203,0.0,53,0.5268778924884303,0.3191489361702128,0.9811320754716981,0
3.9714285714285715,0.5428571428571428,0.14988962546279258,0.0,35,0.8408163265306122,0.2413793103448276,0.9714285714285714,0
4.826086956521739,0.17391304347826086,0.2407699895912426,0.0,23,0.28733459357277874,0.3157894736842105,1.0,0
3.6875,0.8125,0.10473398260160882,0.0,16,1.515625,0.5,1.0,1
4.777777777777778,0.1111111111111111,0.353828838577977,0.0,9,0.34567901234567905,0.14285714285714285,1.0,1
3.7142857142857144,0.14285714285714285,0.33551232800578756,0.0,14,0.7346938775510201,0.3333333333333333,0.9285714285714286,1
4.0,1.2098765432098766,0.15879127123349443,0.0,81,0.8395061728395061,2.8347039473684212,0.8888888888888888,0
4.666666666666667,0.0,0.17898605598343745,0.0,6,0.44444444444444436,0.5,0.8333333333333334,1
3.2,0.2,0.05013549373700068,0.0,5,0.64,1.0,0.6,1
2.8947368421052633,0.8947368421052632,0.24286899468772405,0.0,19,1.0914127423822713,0.5263157894736842,1.0,1
4.9375,0.1875,0.26867613045109384,0.0,32,0.1171875,0.25806451612903225,0.9375,0
4.083333333333333,0.08333333333333333,0.11586433691940894,0.0,36,0.9166666666666669,1.0,0.8333333333333334,0
3.795918367346939,0.4489795918367347,0.22385544010385539,0.0,49,1.172844648063306,0.4222222222222222,1.0,0
5.0,0.8666666666666667,0.09979040705613747,0.0,15,0.0,0.3333333333333333,1.0,1
4.8,0.32,0.21468576004028322,0.0,25,0.35200000000000004,0.13043478260869565,1.0,0
3.7857142857142856,0.21428571428571427,0.33178422043269135,0.0,28,1.1071428571428577,0.25,1.0,0
4.083333333333333,0.08333333333333333,0.11586433691940894,0.0,36,0.9166666666666669,1.0,0.8333333333333334,0
4.280701754385965,0.3157894736842105,0.23168923042291736,0.0,57,0.9085872576177284,0.1875,0.8070175438596491,0
4.75,0.1875,0.14553182449278895,0.0,16,0.375,0.25,0.9375,1
3.5,0.625,0.06450627493911416,0.0,8,1.125,0.4451754385964912,0.875,1
5.0,0.05333333333333334,0.1339422719451845,1.0,75,0.0,0.9024561403508772,1.0,0
4.0,0.26666666666666666,0.25252237605115113,0.0,15,0.8,0.2,0.8666666666666667,1
5.0,1.3333333333333333,0.15439385912724185,1.0,3,0.0,0.0,0.0,1
4.857142857142857,0.0,0.34106933219092234,0.0,7,0.24489795918367374,0.2,1.0,1
4.526315789473684,0.2631578947368421,0.11926308744514359,0.0,19,0.6481994459833794,0.21052631578947367,0.9473684210526315,0
3.9285714285714284,0.5714285714285714,0.0640138644842748,0.0,14,0.9693877551020408,0.42857142857142855,1.0,1
4.833333333333333,0.8333333333333334,0.061180507653841275,0.0,6,0.27777777777777796,0.25,0.8333333333333334,1
4.933333333333334,0.8666666666666667,0.08627664860870231,0.0,15,0.12444444444444423,0.3333333333333333,1.0,1
4.666666666666667,0.21212121212121213,0.18361839116868672,0.0,33,0.48484848484848453,0.9696969696969697,0.8181818181818182,0
3.6923076923076925,0.07692307692307693,0.26082443252151266,0.0,13,1.041420118343195,0.1,0.8461538461538461,1
4.75,0.25,0.20410931035876273,0.0,8,0.375,0.25,1.0,1
4.818181818181818,0.18181818181818182,0.2536962695979084,0.0,33,0.31955922865013764,0.24242424242424243,0.9090909090909091,0
4.083333333333333,0.08333333333333333,0.11586433691940894,0.0,36,0.9166666666666669,1.0,0.8333333333333334,0
2.8636363636363638,0.4090909090909091,0.16369993464171892,0.0,22,1.1735537190082646,1.0,1.0,0
3.6363636363636362,0.09090909090909091,0.2510768214861552,0.0,11,0.7107438016528927,0.0,1.0,1
3.888888888888889,0.18518518518518517,0.34410775147035466,0.0,27,1.1358024691358022,0.26245614035087717,1.0,0
3.725,0.55,0.1959939101094041,0.0,40,1.2349999999999999,0.3055555555555556,0.975,0
4.933333333333334,0.13333333333333333,0.17466995357688464,0.0,15,0.12444444444444423,0.38461538461538464,1.0,1
5.0,0.2608695652173913,0.1072735388222,0.5614035087719298,23,0.0,0.625,1.0,0
4.0,0.09090909090909091,0.35154237846521696,0.0,22,0.9090909090909091,0.3931888544891641,1.0,0
2.9411764705882355,0.7058823529411765,0.27113581903307055,0.0,17,1.0242214532871972,0.5294117647058824,1.0,1
3.5454545454545454,0.5454545454545454,0.01652260552895988,0.0,11,1.0247933884297522,0.36363636363636365,1.0,1
4.483333333333333,0.3333333333333333,0.1996587765761667,0.0,60,0.7405555555555553,0.2708333333333333,0.8333333333333334,0
4.083333333333333,0.08333333333333333,0.11586433691940894,0.0,36,0.9166666666666669,1.0,0.8333333333333334,0
4.318181818181818,0.3181818181818182,0.08101914205123688,0.0,22,0.7438016528925622,1.0,0.9545454545454546,0
4.8,0.16,0.17998831266992885,0.0,25,0.3200000000000001,0.4,0.92,0
4.083333333333333,0.08333333333333333,0.11586433691940895,0.0,36,0.9166666666666666,1.0,0.8333333333333334,0
4.633333333333334,0.26666666666666666,0.22819926249342412,0.0,60,0.55,0.2777777777777778,0.9166666666666666,0
4.613636363636363,0.1590909090909091,0.19615639289318343,0.0,44,0.5444214876033059,0.9772727272727273,0.8636363636363636,0
3.923076923076923,0.3076923076923077,0.3164828905692467,0.0,13,0.7337278106508875,0.4269005847953216,0.7692307692307693,1
4.782608695652174,0.08695652173913043,0.2651367371446166,0.0,23,0.3402646502835539,0.3684210526315789,1.0,0
4.733333333333333,0.2,0.19485178173958168,0.0,15,0.42666666666666664,0.26666666666666666,0.9333333333333333,1
3.4444444444444446,0.0,0.2730872745867129,0.0,9,0.7407407407407407,0.0,1.0,1
4.285714285714286,0.14285714285714285,0.2697100378218152,0.0,7,1.0204081632653061,0.0,1.0,1
4.083333333333333,0.08333333333333333,0.11586433691940894,0.0,36,0.9166666666666669,1.0,0.8333333333333334,0
3.8461538461538463,0.07692307692307693,0.3194207720267467,0.0,13,0.6982248520710057,0.16666666666666666,1.0,1
4.166666666666667,0.16666666666666666,0.27978874071717047,0.0,6,1.111111111111111,0.2,1.0,1
4.578947368421052,0.0,0.1912667052742459,0.0,19,0.48753462603878117,0.0625,1.0,0
3.269230769230769,0.38461538461538464,0.1885893674509801,0.0,26,1.227810650887574,1.0,1.0,0
3.2857142857142856,0.5714285714285714,0.26304274579976433,0.0,21,1.1836734693877549,0.7,1.0,0
4.777777777777778,0.0,0.2889736690437824,0.0,18,0.34567901234567905,0.4117647058823529,1.0,0
3.5555555555555554,0.2222222222222222,0.31235023449939664,0.0,9,1.0370370370370372,0.5701754385964912,1.0,1
4.159090909090909,0.4090909090909091,0.22584790503397068,0.0,44,0.9173553719008262,0.2,0.9090909090909091,0
3.375,0.0,0.23120829264322917,0.0,8,0.78125,0.0,1.0,1
4.03125,0.1875,0.41418338471007443,0.0,32,1.029296875,0.15384615384615385,1.0,0
4.714285714285714,0.21428571428571427,0.2664354668179322,0.0,14,0.44897959183673464,0.38461538461538464,0.9285714285714286,1
3.8461538461538463,0.9230769230769231,0.07555366784455088,0.0,13,1.136094674556213,0.5384615384615384,0.9230769230769231,1
3.0714285714285716,0.42857142857142855,0.2705975727717558,0.0,14,1.7857142857142858,0.2857142857142857,1.0,1
4.027777777777778,1.3611111111111112,0.14968862134961564,0.0,72,0.8101851851851852,3.0749330954504908,0.8888888888888888,0
4.733333333333333,0.13333333333333333,0.2519036487531596,0.0,15,0.4622222222222222,0.5384615384615384,0.8,1
3.8,0.2,0.35988137599121217,0.0,25,1.1840000000000002,0.21739130434782608,1.0,0
5.0,0.21428571428571427,0.16611023318199886,0.0,14,0.0,0.16666666666666666,0.9285714285714286,1
5.0,0.0,0.1342355298159728,0.0,23,0.0,0.782608695652174,0.9565217391304348,0
4.365079365079365,0.09523809523809523,0.19860202344972422,0.0,63,0.8062484252960442,0.9841269841269841,0.9047619047619048,0
3.1818181818181817,0.09090909090909091,0.11703825305674842,0.0,11,1.1074380165289257,0.4,0.36363636363636365,1
4.0625,0.15625,0.3819808065699345,0.0,32,1.0546875,0.352046783625731,1.0,0
2.4444444444444446,0.1111111111111111,0.09753951906040365,0.0,9,1.7037037037037037,0.4444444444444444,0.5555555555555556,1
4.666666666666667,0.2222222222222222,0.2052671406004164,0.0,9,0.44444444444444436,0.2222222222222222,1.0,1
4.226415094339623,0.33962264150943394,0.23911553858927903,0.0,53,0.9341402634389463,0.2,0.8867924528301887,0
4.108108108108108,0.08108108108108109,0.12106475436844238,0.0,37,0.91599707815924,1.0,0.8108108108108109,0
3.7333333333333334,1.2,0.07652096277323966,0.0,15,1.2533333333333334,0.4666666666666667,1.0,1
4.9375,0.125,0.2286223598936619,0.0,16,0.1171875,0.07142857142857142,0.8125,1
3.375,0.0,0.23128257656381243,0.0,8,0.78125,0.0,1.0,1
4.166666666666667,0.38333333333333336,0.22770541044917506,0.0,60,0.6388888888888892,0.22807017543859648,1.0,0
3.7586206896551726,1.5689655172413792,0.22273623068319645,0.0,58,0.8311533888228296,3.7536394176931696,0.8793103448275862,0
3.409090909090909,1.3181818181818181,0.22883132359070466,0.0,22,1.2644628099173556,0.6190476190476191,1.0,0
3.25,1.3333333333333333,0.02469614138844449,0.0,12,1.0833333333333333,0.3333333333333333,1.0,1
5.0,0.45454545454545453,0.0963485143185069,0.0,11,0.0,0.4,1.0,1
4.7,0.1,0.27052811702092494,0.0,20,0.51,0.05263157894736842,0.8,0
4.079365079365079,0.3968253968253968,0.19899083476958668,0.0,63,1.0229276895943562,0.375,0.9841269841269841,0
4.828571428571428,0.11428571428571428,0.11999143859530019,0.0,35,0.30367346938775513,0.35294117647058826,0.9428571428571428,0
4.266666666666667,1.2666666666666666,0.15859333702729062,0.0,15,0.9777777777777783,0.25,1.0,1
4.75,0.25,0.24583911001682282,0.0,4,0.375,0.0,1.0,1
4.6923076923076925,0.15384615384615385,0.2594337248408562,0.0,13,0.4260355029585798,0.5454545454545454,1.0,1
2.6666666666666665,0.1111111111111111,0.06330929356429099,0.0,9,1.0370370370370372,0.375,0.3333333333333333,1
4.090909090909091,0.7272727272727273,0.13559855971620227,0.0,11,0.9917355371900828,1.0,1.0,1
4.108108108108108,0.08108108108108109,0.1154249305521253,0.0,37,0.91599707815924,1.0,0.8378378378378378,0
4.333333333333333,0.6363636363636364,0.12665184774824856,0.0,33,0.848484848484849,0.21875,0.7878787878787878,0
4.578947368421052,0.10526315789473684,0.22973926360133423,0.0,19,0.48753462603878117,0.13333333333333333,0.8421052631578947,1
4.962962962962963,0.037037037037037035,0.22952369894544802,0.0,27,0.07133058984910852,0.25,0.9629629629629629,0
4.7272727272727275,0.0,0.3740517957644029,0.0,11,0.39669421487603296,0.1,1.0,1
3.25,0.6,0.2457889265830234,0.0,20,1.2,0.6842105263157895,1.0,0
3.411764705882353,0.35294117647058826,0.37355972733408044,0.0,17,1.7508650519031146,0.13333333333333333,1.0,0
4.25,0.16666666666666666,0.37940806282891165,0.0,12,0.875,0.36363636363636365,1.0,1
4.083333333333333,0.08333333333333333,0.11586433691940894,0.0,36,0.9166666666666669,1.0,0.8333333333333334,0
4.666666666666667,0.2222222222222222,0.18719967428258316,0.0,18,0.44444444444444436,0.23529411764705882,1.0,0
4.108108108108108,0.08108108108108109,0.1154249305521253,0.0,37,0.91599707815924,1.0,0.8378378378378378,0
4.0,0.5714285714285714,0.07380067183970142,0.0,14,1.0,0.5,1.0,1
4.425,0.15,0.18004502092641161,0.0,40,0.66125,0.28205128205128205,0.975,0
4.115384615384615,0.2692307692307692,0.17736694848564877,0.0,52,0.5443786982248522,0.22916666666666666,0.9423076923076923,0
3.9361702127659575,0.06382978723404255,0.13570145206963735,0.0,47,0.8954277953825257,1.0,0.8085106382978723,0
5.0,0.15384615384615385,0.2425310530485175,0.0,13,0.0,0.5,0.7692307692307693,1
4.944444444444445,0.8888888888888888,0.09581514102595572,0.0,18,0.1049382716049381,0.2,1.0,1
5.0,3.6666666666666665,0.08683836570492498,1.0,3,0.0,0.0,1.0,1
4.45679012345679,0.2839506172839506,0.19682197336621926,0.0,81,0.7645176040237764,0.21311475409836064,0.8148148148148148,0
4.38,0.36,0.14138685455502512,0.0,50,0.8183999999999994,0.2926829268292683,0.8,0
5.0,0.125,0.24213517208894092,0.0,8,0.0,0.0,1.0,1
4.161290322580645,0.12903225806451613,0.29351477481236493,0.0,31,0.8116545265348595,0.1724137931034483,0.8064516129032258,0
4.6,0.3111111111111111,0.1569677091072362,0.0,45,0.5688888888888888,0.23255813953488372,0.9777777777777777,0
4.411764705882353,0.3382352941176471,0.18637649308900267,0.0,68,0.7785467128027678,0.21818181818181817,0.8823529411764706,0
4.391304347826087,0.6956521739130435,0.10195897352635225,0.0,23,0.793950850661626,0.34782608695652173,0.9565217391304348,0
4.8125,1.125,0.09959217174238785,0.0,16,0.3046875,0.375,1.0,1
3.896551724137931,0.20689655172413793,0.2440098735431334,0.0,29,1.0606420927467297,0.24,1.0,0
4.108108108108108,0.08108108108108109,0.1154249305521253,0.0,37,0.91599707815924,1.0,0.8378378378378378,0
4.083333333333333,0.08333333333333333,0.11586433691940895,0.0,36,0.9166666666666666,1.0,0.8333333333333334,0
3.9166666666666665,0.08333333333333333,0.1643108619421547,0.0,12,0.7916666666666669,0.0,1.0,1
3.5833333333333335,0.25,0.17175215303662342,0.0,12,0.8194444444444443,0.125,1.0,1
4.7272727272727275,0.09090909090909091,0.3278850400538156,0.0,11,0.4958677685950411,0.2,1.0,1
2.75,0.0,0.1861132921516689,0.0,12,1.4166666666666667,0.25,0.6666666666666666,1
5.0,0.2,0.054943576388888894,0.0,5,0.0,0.8,1.0,1
3.111111111111111,0.0,0.2062610767505787,0.0,9,0.9876543209876542,0.0,1.0,1
4.55,0.1,0.3124316384394964,0.0,20,0.5850000000000002,0.26666666666666666,0.8,0
3.8767123287671232,0.2876712328767123,0.275602332714951,0.0,73,0.548695815349972,0.265625,0.9863013698630136,0
3.4347826086956523,0.6086956521739131,0.23729511168036904,0.0,23,1.2362948960302458,0.5909090909090909,1.0,0
4.85,0.65,0.1328523036101395,0.0,20,0.2700000000000003,0.25,1.0,0
3.375,0.0,0.23120829264322917,0.0,8,0.78125,0.0,1.0,1
4.666666666666667,0.2222222222222222,0.2052671406004164,0.0,9,0.44444444444444436,0.2222222222222222,1.0,1
4.0,1.380281690140845,0.14882890913826147,0.0,71,0.7887323943661971,3.0918822479928636,0.8873239436619719,0
3.0,0.0,0.1356863260269165,0.0,5,1.2,0.75,1.0,1
3.8666666666666667,0.8666666666666667,0.13030348769171607,0.0,15,1.3777777777777775,0.4666666666666667,1.0,1
2.75,0.5,0.13478384876970476,0.0,8,1.0625,0.875,0.875,1
4.365079365079365,0.09523809523809523,0.19860202344972422,0.0,63,0.8062484252960442,0.9841269841269841,0.9047619047619048,0
4.944444444444445,0.5,0.1326210523569023,0.0,18,0.1049382716049381,0.7777777777777778,0.8888888888888888,1
3.6666666666666665,0.041666666666666664,0.07691472713654783,0.0,24,1.222222222222222,0.19832189168573608,0.9583333333333334,0
3.7586206896551726,0.2413793103448276,0.24465656053751686,0.0,29,1.0558858501783581,0.2916666666666667,1.0,0
4.052631578947368,0.07894736842105263,0.11212404049604927,0.0,38,0.947368421052631,1.0,0.8157894736842105,0
4.365079365079365,0.09523809523809523,0.19860202344972422,0.0,63,0.8062484252960442,0.9841269841269841,0.9047619047619048,0
3.2857142857142856,1.4285714285714286,0.23650699817054083,0.0,21,1.183673469387755,0.65,1.0,0
4.409090909090909,0.22727272727272727,0.13961785895983517,0.0,22,0.6983471074380163,0.19047619047619047,0.9545454545454546,0
4.9375,0.1875,0.2686761304510939,0.0,32,0.1171875,0.28125,0.9375,0
4.428571428571429,0.14285714285714285,0.09735709485553559,0.0,7,0.489795918367347,0.0,1.0,1
4.666666666666667,0.2222222222222222,0.18839129832616155,0.0,18,0.44444444444444436,0.375,1.0,0
3.1,0.2,0.3914459764957428,0.0,10,1.2799999999999998,0.25,1.0,1
4.944444444444445,0.05555555555555555,0.2576880728641635,0.0,18,0.1049382716049381,0.3333333333333333,0.7777777777777778,1
4.866666666666666,0.7333333333333333,0.1617205649833549,0.0,15,0.24888888888888924,1.0,1.0,1
3.375,0.0,0.23120829264322917,0.0,8,0.78125,0.0,1.0,1
4.083333333333333,0.08333333333333333,0.11586433691940894,0.0,36,0.9166666666666669,1.0,0.8333333333333334,0
4.636363636363637,0.18181818181818182,0.1912945674421886,0.0,22,0.5289256198347106,0.5263157894736842,0.9545454545454546,0
4.866666666666666,0.13333333333333333,0.16817685235282276,0.0,15,0.2311111111111114,0.07692307692307693,0.8666666666666667,1
4.7073170731707314,0.12195121951219512,0.21334900367246853,0.0,41,0.4568709101725165,0.2894736842105263,0.7804878048780488,0
3.8684210526315788,0.34210526315789475,0.28005064072041536,0.0,38,0.4390581717451525,0.23684210526315788,1.0,0
4.875,0.125,0.22862235989366186,0.0,16,0.21875,0.14285714285714285,0.875,1
5.0,0.0,0.29270522241239194,0.0,9,0.0,0.25,1.0,1
4.928571428571429,0.14285714285714285,0.26864448712609357,0.0,14,0.13265306122448958,0.46153846153846156,0.7857142857142857,1
3.5454545454545454,0.22727272727272727,0.28057622769893437,0.0,22,1.4380165289256202,0.2857142857142857,1.0,0
3.4444444444444446,0.0,0.2472511791678333,0.0,9,0.7407407407407407,0.0,1.0,1
3.25,0.6,0.2457889265830234,0.0,20,1.2,0.6842105263157895,1.0,0
4.714285714285714,0.14285714285714285,0.2758746330713158,0.0,14,0.4081632653061224,0.5,1.0,1
3.0714285714285716,0.21428571428571427,0.1547296840982675,0.0,14,1.0714285714285714,0.38461538461538464,0.6428571428571429,1
4.108108108108108,0.08108108108108109,0.1154249305521253,0.0,37,0.91599707815924,1.0,0.8378378378378378,0
4.684210526315789,0.21052631578947367,0.19447910183885256,0.0,19,0.4321329639889197,0.35294117647058826,0.9473684210526315,0
4.3,0.06,0.2090200739655144,0.0,50,0.8680000000000005,0.13157894736842105,0.8,0
4.3076923076923075,0.15384615384615385,0.35590364148474146,0.0,13,0.85207100591716,0.36363636363636365,1.0,1
4.365079365079365,0.09523809523809523,0.19860202344972422,0.0,63,0.8062484252960442,0.9841269841269841,0.9047619047619048,0
5.0,0.0,0.2706803634461054,0.0,10,0.0,0.3,1.0,1
4.083333333333333,0.08333333333333333,0.11586433691940894,0.0,36,0.9166666666666669,1.0,0.8333333333333334,0
4.108108108108108,0.08108108108108109,0.1154249305521253,0.0,37,0.91599707815924,1.0,0.8378378378378378,0
4.4,0.08,0.23190528918834993,0.0,50,0.72,0.13157894736842105,0.8,0
4.625,0.875,0.11366620596693086,0.0,8,0.46875,0.625,1.0,1
5.0,0.11764705882352941,0.2588457716696767,0.0,17,0.0,0.5076754385964912,0.8235294117647058,1
4.076923076923077,2.3333333333333335,0.08055995952279162,0.0,39,1.1834319526627213,4.849217638691323,0.8461538461538461,0
3.888888888888889,3.185185185185185,0.13495363813074068,0.0,27,1.4979423868312765,6.976842105263159,0.7037037037037037,0
4.611111111111111,0.2222222222222222,0.19739525991142562,0.0,18,0.5185185185185186,0.23529411764705882,0.9444444444444444,1
3.375,0.0,0.23120829264322917,0.0,8,0.78125,0.0,1.0,1
5.0,0.0,0.0931915385382516,1.0,2,0.0,0.0,1.0,1
4.875,0.125,0.1139371188512693,0.0,8,0.21875,0.375,1.0,1
3.8,0.2,0.35988137599121217,0.0,25,1.1840000000000002,0.21739130434782608,1.0,0
3.4615384615384617,0.6153846153846154,0.08484851902614966,0.0,13,1.2781065088757395,0.46153846153846156,1.0,1
4.606060606060606,0.2727272727272727,0.22852204323047928,0.0,33,0.5730027548209364,0.16666666666666666,1.0,0
2.875,0.125,0.08319567320063471,0.0,8,1.15625,0.375,0.375,1
4.205882352941177,0.20588235294117646,0.16275233016276558,0.0,34,1.0276816608996544,0.03225806451612903,0.9117647058823529,0
3.7450980392156863,1.7843137254901962,0.1756369921336843,0.0,51,0.9388696655132641,3.8352402745995424,0.8627450980392157,0
4.814814814814815,0.2222222222222222,0.14563393956012194,0.0,27,0.3017832647462277,0.4,0.9259259259259259,0
4.510204081632653,0.061224489795918366,0.2185853498477967,0.0,49,0.6997084548104955,0.14634146341463414,0.7959183673469388,0
4.590909090909091,0.22727272727272727,0.17246828566628578,0.0,22,0.5206611570247935,0.3157894736842105,0.9545454545454546,0
3.6363636363636362,0.09090909090909091,0.2510768214861552,0.0,11,0.7107438016528927,0.0,1.0,1
4.068181818181818,0.13636363636363635,0.31831516414388067,0.0,44,0.8047520661157026,0.285443338074917,1.0,0
4.585365853658536,0.3170731707317073,0.18510184921495265,0.0,41,0.5865556216537774,1.0,0.9512195121951219,0
3.9473684210526314,0.6842105263157895,0.2000572871840591,0.0,19,0.7036011080332409,1.0,1.0,0
3.9285714285714284,0.21428571428571427,0.3818471058874141,0.0,28,1.1122448979591841,0.23076923076923078,1.0,0
3.909090909090909,0.7272727272727273,0.08174329114825635,0.0,11,1.2231404958677685,0.45454545454545453,1.0,1
4.083333333333333,0.08333333333333333,0.11586433691940894,0.0,36,0.9166666666666669,1.0,0.8333333333333334,0
4.214285714285714,1.3571428571428572,0.17773393252923994,0.0,14,1.0102040816326525,0.25,1.0,1
4.531914893617022,0.10638297872340426,0.20107034504077154,0.0,47,0.6772295156179268,0.24390243902439024,0.7446808510638298,0
3.731707317073171,0.5853658536585366,0.10777388025400152,0.0,41,1.44913741820345,0.46153846153846156,1.0,0
4.105263157894737,2.3947368421052633,0.09002161391901366,0.0,38,1.2243767313019385,4.983918128654971,0.8421052631578947,0
4.375,0.09375,0.1970552152916022,0.0,64,0.80078125,0.984375,0.90625,0
4.833333333333333,0.16666666666666666,0.31112050193826146,0.0,12,0.3055555555555558,0.3333333333333333,1.0,1
3.8,0.2,0.35988137599121217,0.0,25,1.1840000000000002,0.21739130434782608,1.0,0
4.777777777777778,0.2222222222222222,0.253254664692952,0.0,9,0.34567901234567905,0.25,1.0,1
4.75,0.125,0.3522032033264016,0.0,8,0.375,0.5714285714285714,1.0,1
4.733333333333333,0.2,0.2576473048373617,0.0,15,0.42666666666666664,0.38461538461538464,0.8666666666666667,1
4.875,0.375,0.284019166810645,0.0,8,0.21875,0.25,1.0,1
4.37037037037037,0.2222222222222222,0.16444748470579498,0.0,27,0.6995884773662552,0.2222222222222222,0.9629629629629629,0
4.264150943396227,0.37735849056603776,0.21501539958315022,0.0,53,0.8608045567817728,0.17777777777777778,0.8867924528301887,0
4.8108108108108105,0.40540540540540543,0.16293879584845206,0.0,37,0.31701972242512805,0.2,0.972972972972973,0
3.3333333333333335,0.6666666666666666,-0.04960449178838932,0.0,9,1.1111111111111112,0.3333333333333333,1.0,1
4.083333333333333,0.08333333333333333,0.11586433691940894,0.0,36,0.9166666666666669,1.0,0.8333333333333334,0
4.714285714285714,0.21428571428571427,0.1982808806997768,0.0,14,0.44897959183673464,0.3076923076923077,0.9285714285714286,1
3.875,0.125,0.36456901352422494,0.0,16,0.921875,0.42780026990553305,1.0,1
4.85,0.35,0.18890197990981816,0.0,40,0.2625000000000003,0.16666666666666666,0.975,0
4.8,1.0,0.033918573326534696,0.0,5,0.3200000000000001,0.3333333333333333,0.8,1
3.962962962962963,0.6666666666666666,0.11377975798514829,0.0,27,0.9410150891632376,0.21739130434782608,0.9629629629629629,0
4.875,0.25,0.17329941394786913,0.0,16,0.21875,0.07142857142857142,0.875,1
4.909090909090909,0.18181818181818182,0.15051212596507615,0.0,22,0.16528925619834703,0.3181818181818182,0.9090909090909091,0
3.25,0.75,0.005964432211694834,0.0,8,1.1875,0.25,1.0,1
4.7894736842105265,0.7368421052631579,0.11187587201244312,0.0,19,0.39889196675900257,0.3157894736842105,1.0,0
5.0,0.6666666666666666,0.12127656336414362,0.5614035087719298,9,0.0,0.6666666666666666,1.0,1
4.416666666666667,0.2916666666666667,0.20116765953127094,0.0,72,0.8101851851851855,0.2413793103448276,0.8194444444444444,0
4.75,0.1875,0.19108686020019375,0.0,16,0.40625,0.26666666666666666,0.875,1
4.456140350877193,0.24561403508771928,0.24580122528607085,0.0,57,0.6297322253000923,0.23529411764705882,0.9824561403508771,0
3.375,0.0,0.23120829264322917,0.0,8,0.78125,0.0,1.0,1
4.083333333333333,0.08333333333333333,0.11586433691940894,0.0,36,0.9166666666666669,1.0,0.8333333333333334,0
4.695652173913044,0.34782608695652173,0.13577583069567137,0.0,23,0.502835538752363,0.2857142857142857,0.782608695652174,0
4.894736842105263,0.15789473684210525,0.1921366376544935,0.0,19,0.19944598337950167,0.5882352941176471,0.8421052631578947,1
4.0,0.625,0.25501619776089984,0.0,8,1.25,0.25,1.0,1
4.083333333333333,0.08333333333333333,0.11586433691940895,0.0,36,0.9166666666666666,1.0,0.8333333333333334,0
4.32258064516129,0.3064516129032258,0.15441754224891555,0.0,62,0.8740894901144644,0.2549019607843137,0.7903225806451613,0
3.857142857142857,0.07142857142857142,0.34004208332016356,0.0,14,0.6530612244897959,0.23076923076923078,1.0,1
4.431818181818182,0.38636363636363635,0.11996509539563367,0.0,44,0.8522727272727277,0.3157894736842105,0.7727272727272727,0
4.083333333333333,0.08333333333333333,0.11586433691940894,0.0,36,0.9166666666666669,1.0,0.8333333333333334,0
3.9166666666666665,0.6666666666666666,0.03375169323681309,0.0,12,1.1250000000000002,0.5,1.0,1
4.9375,0.8125,0.10505769274618901,0.0,16,0.1171875,0.25,1.0,1
4.214285714285714,1.3571428571428572,0.17773393252923994,0.0,14,1.0102040816326525,0.25,1.0,1
3.25,0.75,0.005964432211694834,0.0,8,1.1875,0.25,1.0,1
5.0,0.0,0.27120535714285715,0.0,7,0.0,0.3333333333333333,1.0,1
4.72972972972973,0.35135135135135137,0.13214766173586198,0.0,37,0.43827611395178956,0.2222222222222222,0.972972972972973,0
4.083333333333333,0.08333333333333333,0.11586433691940894,0.0,36,0.9166666666666669,1.0,0.8333333333333334,0
3.7777777777777777,0.2222222222222222,0.25193024012047915,0.0,27,1.0864197530864197,0.30434782608695654,1.0,0
4.588235294117647,0.23529411764705882,0.19054644049049235,0.0,17,0.5328719723183392,0.25,0.9411764705882353,1
5.0,0.0,0.3929494586439735,0.0,8,0.0,0.39035087719298245,0.5,1
5.0,0.625,0.10052913592395878,0.0,8,0.0,0.39035087719298245,1.0,1
3.727272727272727,0.0,0.34985549738912874,0.0,11,0.7603305785123968,0.3,1.0,1
3.8181818181818183,0.18181818181818182,0.29382592800868246,0.0,11,0.9917355371900826,0.45614035087719296,1.0,1
4.0,0.23076923076923078,0.27327329404313816,0.0,13,0.9230769230769231,0.5055821371610846,1.0,1
4.894736842105263,0.6842105263157895,0.13984453011593634,0.0,19,0.19944598337950167,0.2631578947368421,1.0,0
3.769230769230769,0.15384615384615385,0.24427590782793768,0.0,13,0.816568047337278,0.5,1.0,1
4.170731707317073,0.07317073170731707,0.11954451153768728,0.0,41,0.8899464604402139,0.975609756097561,0.8536585365853658,0
3.625,0.4375,0.09386120748115932,0.0,16,0.96875,0.38461538461538464,0.8125,1
5.0,0.6,0.16395093357553145,0.0,5,0.0,0.0,1.0,1
4.928571428571429,0.14285714285714285,0.22814162153293885,0.0,14,0.13265306122448958,0.46153846153846156,0.7857142857142857,1
3.0,0.4,0.1640770790157638,0.0,10,1.0,0.8,0.9,1
3.32,0.36,0.19488460768580892,0.0,25,1.3215999999999999,1.0,1.0,0
4.081081081081081,0.08108108108108109,0.12916852051981903,0.0,37,0.8940832724616509,1.0,0.8378378378378378,0
4.404255319148936,0.06382978723404255,0.21719909113278274,0.0,47,0.8112267994567676,0.13513513513513514,0.7872340425531915,0
4.431818181818182,0.38636363636363635,0.11996509539563367,0.0,44,0.8522727272727277,0.3157894736842105,0.7727272727272727,0
4.555555555555555,0.3333333333333333,0.14248584016424606,0.0,18,0.6913580246913581,0.125,0.8333333333333334,1
4.348484848484849,0.30303030303030304,0.2221938559169476,0.0,66,0.8489439853076219,0.17307692307692307,0.803030303030303,0
3.0,0.6666666666666666,-0.025677015117382365,0.0,9,1.3333333333333333,0.3333333333333333,1.0,1
4.9523809523809526,1.5238095238095237,0.10709217362764546,0.0,21,0.09070294784580483,0.3684210526315789,0.6666666666666666,1
4.566666666666666,0.06666666666666667,0.19152246834633355,0.0,30,0.6933333333333335,0.0,0.9333333333333333,0
5.0,0.0,0.4703542079244341,0.0,7,0.0,0.3333333333333333,1.0,1
3.7755102040816326,0.5102040816326531,0.13454719420434283,0.0,49,1.3044564764681381,0.425531914893617,1.0,0
4.953488372093023,0.16279069767441862,0.2427928199082979,0.0,43,0.08869659275283945,0.2619047619047619,0.9534883720930233,0
4.471698113207547,0.4716981132075472,0.12553469539034015,0.0,53,0.7974368102527596,0.35555555555555557,0.8113207547169812,0
3.375,0.0,0.23120829264322917,0.0,8,0.78125,0.0,1.0,1
4.6,0.1,0.17773487667242688,0.0,10,0.4800000000000001,0.2,1.0,1
4.276595744680851,0.3617021276595745,0.11236281038367836,0.0,47,1.0158442734268909,0.3,0.7659574468085106,0
4.9375,0.8125,0.10708878515399176,0.0,16,0.1171875,0.3125,1.0,1
4.083333333333333,0.08333333333333333,0.11586433691940894,0.0,36,0.9166666666666669,1.0,0.8333333333333334,0
3.8181818181818183,0.18181818181818182,0.28706116914123564,0.0,11,0.9917355371900826,0.45614035087719296,1.0,1
3.25,0.6,0.2457889265830234,0.0,20,1.2,0.6842105263157895,1.0,0
4.777777777777778,0.1111111111111111,0.3674702296309449,0.0,9,0.34567901234567905,0.5,1.0,1
3.5555555555555554,0.0,0.21565395694561104,0.0,9,0.8148148148148149,0.0,1.0,1
4.083333333333333,0.08333333333333333,0.11586433691940895,0.0,36,0.9166666666666666,1.0,0.8333333333333334,0
2.75,0.125,0.05690258172467111,0.0,8,1.0625,0.42857142857142855,0.25,1
4.72972972972973,0.35135135135135137,0.13214766173586198,0.0,37,0.43827611395178956,0.2222222222222222,0.972972972972973,0
4.176470588235294,0.3137254901960784,0.18055452867626307,0.0,51,0.9365628604382931,0.23255813953488372,0.7254901960784313,0
4.0,1.4027777777777777,0.14317333164422397,0.0,72,0.7777777777777778,3.0918822479928636,0.8888888888888888,0
4.818181818181818,0.21212121212121213,0.2421065771000128,0.0,33,0.31955922865013764,0.25806451612903225,0.9393939393939394,0
4.857142857142857,0.2857142857142857,0.2981454346861158,0.0,7,0.24489795918367374,0.2857142857142857,1.0,1
3.730769230769231,1.75,0.16689430175546643,0.0,52,0.9142011834319526,3.8352402745995424,0.8653846153846154,0
3.7333333333333334,1.2,0.07652096277323966,0.0,15,1.2533333333333334,0.4666666666666667,1.0,1
3.625,0.5,0.07731649690405912,0.0,16,1.140625,0.5,1.0,1
2.2222222222222223,0.6666666666666666,0.06283024055694653,0.0,9,1.6296296296296293,1.0,1.0,1
3.4285714285714284,0.0,0.33019093672434485,0.0,7,1.7959183673469388,0.3333333333333333,0.8571428571428571,1
3.2222222222222223,0.5555555555555556,0.08717994340450379,0.0,9,1.08641975308642,0.7777777777777778,1.0,1
3.6666666666666665,0.6666666666666666,0.05169730074006831,0.0,12,1.4444444444444444,0.5,1.0,1
4.782608695652174,0.043478260869565216,0.2426722843132527,0.0,23,0.3402646502835539,0.1111111111111111,0.9565217391304348,0
3.967741935483871,0.1935483870967742,0.31401912915455704,0.0,31,1.019771071800208,0.37037037037037035,1.0,0
4.714285714285714,0.21428571428571427,0.23337147577026865,0.0,14,0.44897959183673464,0.21428571428571427,1.0,1
4.166666666666667,0.08333333333333333,0.1708577988306497,0.0,12,0.9722222222222223,0.8333333333333334,1.0,1
3.9310344827586206,0.1724137931034483,0.32293973191377195,0.0,29,1.0749108204518434,0.23076923076923078,1.0,0
3.75,0.21428571428571427,0.26055154664891444,0.0,28,1.0892857142857142,0.2916666666666667,1.0,0
4.827586206896552,0.6896551724137931,0.13218880155994758,0.0,29,0.29726516052318674,0.2857142857142857,0.9310344827586207,0
5.0,0.9285714285714286,0.09243926636646675,0.0,14,0.0,0.35714285714285715,1.0,1
4.90625,0.1875,0.25283969477050583,0.0,32,0.169921875,0.25,0.9375,0
5.0,0.1,0.15916171332141837,0.0,10,0.0,0.2222222222222222,1.0,1
1.6666666666666667,2.3333333333333335,-0.0599904261322485,0.0,3,0.888888888888889,0.0,1.0,1
3.7333333333333334,1.2,0.07652096277323966,0.0,15,1.2533333333333334,0.4666666666666667,1.0,1
4.818181818181818,0.18181818181818182,0.21604761474417414,0.0,22,0.2975206611570247,0.1111111111111111,0.9545454545454546,0
4.625,0.375,0.14497837759727317,0.0,24,0.5625,0.2727272727272727,0.7916666666666666,0
2.125,0.25,0.041365669804160156,0.0,8,1.15625,0.5,0.25,1
3.1363636363636362,0.5454545454545454,0.22237913780274854,0.0,22,1.1735537190082646,0.6666666666666666,1.0,0
3.6363636363636362,0.09090909090909091,0.2510768214861552,0.0,11,0.7107438016528925,0.0,1.0,1
4.870967741935484,0.12903225806451613,0.12049153024180612,0.0,31,0.23309053069719032,0.1724137931034483,0.9354838709677419,0
3.7857142857142856,0.07142857142857142,0.23025841209028858,0.0,14,1.0204081632653064,0.1111111111111111,0.8571428571428571,1
4.458333333333333,0.3541666666666667,0.1289717269293699,0.0,48,0.8124999999999996,0.35,0.7291666666666666,0
4.083333333333333,0.08333333333333333,0.11586433691940895,0.0,36,0.9166666666666666,1.0,0.8333333333333334,0
4.833333333333333,0.0,0.46686256925264996,0.0,18,0.27777777777777796,0.0625,1.0,0
3.769230769230769,0.23076923076923078,0.2616198647404976,0.0,26,1.1242603550295858,0.2727272727272727,1.0,0
4.083333333333333,0.08333333333333333,0.11586433691940894,0.0,36,0.9166666666666669,1.0,0.8333333333333334,0
4.083333333333333,0.08333333333333333,0.11586433691940894,0.0,36,0.9166666666666669,1.0,0.8333333333333334,0
4.714285714285714,0.07142857142857142,0.27557372479211717,0.0,14,0.4081632653061224,0.08333333333333333,0.9285714285714286,1
3.4615384615384617,0.6153846153846154,0.08484851902614966,0.0,13,1.2781065088757395,0.46153846153846156,1.0,1
4.537037037037037,0.35185185185185186,0.18867866785604867,0.0,54,0.7373113854595331,0.28888888888888886,0.8148148148148148,0
3.2,0.0,0.1963016803531597,0.0,5,1.3599999999999999,0.0,1.0,1
4.0,1.1176470588235294,0.13481038733896264,0.0,17,1.0588235294117647,0.21428571428571427,1.0,1
4.5,1.0,0.0623812260468387,0.0,8,0.625,0.3333333333333333,0.875,1
4.636363636363637,0.18181818181818182,0.11375603150598929,0.0,11,0.6611570247933881,0.45454545454545453,1.0,1
4.588235294117647,0.23529411764705882,0.19112088901990412,0.0,17,0.5328719723183392,0.25,1.0,1
3.3793103448275863,0.9655172413793104,0.15321019704128996,0.0,29,1.2794292508917953,1.0,1.0,0
5.0,0.0,0.24970353146394092,0.0,8,0.0,0.25,1.0,1
3.5714285714285716,0.0,0.14021548596654262,0.0,7,1.1836734693877549,0.0,1.0,1
4.0,0.08333333333333333,0.13600995587185025,0.0,12,1.5,0.3333333333333333,0.9166666666666666,1
5.0,0.125,0.29285967722535133,0.0,8,0.0,0.14285714285714285,0.875,1
5.0,0.2,0.12111659992472977,0.0,15,0.0,4.991902834008098,1.0,1
4.90625,0.1875,0.26867613045109384,0.0,32,0.169921875,0.25,0.9375,0
4.571428571428571,0.3333333333333333,0.1848754987402997,0.0,63,0.680272108843538,0.25,0.8095238095238095,0
3.6923076923076925,0.6153846153846154,0.12119876669124316,0.0,13,1.195266272189349,0.38461538461538464,1.0,1
4.8,0.1,0.20060446798775552,0.0,10,0.3200000000000001,0.4444444444444444,1.0,1
3.9166666666666665,0.08333333333333333,0.1643108619421547,0.0,12,0.7916666666666669,0.0,1.0,1
4.681818181818182,0.13636363636363635,0.2488615229926875,0.0,22,0.5206611570247935,0.5,0.8181818181818182,0
2.2222222222222223,0.7777777777777778,0.05657172305320812,0.0,9,1.6296296296296293,1.0,1.0,1
4.777777777777778,0.4444444444444444,0.2098833566094622,0.0,9,0.34567901234567905,0.2222222222222222,1.0,1
4.6,0.3111111111111111,0.1569677091072362,0.0,45,0.5688888888888888,0.23255813953488372,0.9777777777777777,0
4.875,0.25,0.2570595708493807,0.0,8,0.21875,0.125,0.875,1
2.9375,0.5625,0.18008925296755224,0.0,16,1.5625,0.26666666666666666,1.0,1
3.7222222222222223,0.5555555555555556,0.14616106981291935,0.0,18,1.2592592592592593,0.5,1.0,0
4.083333333333333,0.08333333333333333,0.11586433691940894,0.0,36,0.9166666666666669,1.0,0.8333333333333334,0
3.090909090909091,0.2727272727272727,0.10588514997723845,0.0,11,1.5206611570247939,0.09090909090909091,0.9090909090909091,1
5.0,0.9230769230769231,0.10868958035286179,0.0,13,0.0,0.38461538461538464,1.0,1
2.909090909090909,0.18181818181818182,0.08232285668576086,0.0,11,1.2066115702479336,0.7272727272727273,1.0,1
2.6666666666666665,0.16666666666666666,0.026410758495330814,0.0,6,1.1111111111111114,0.3333333333333333,0.5,1
4.373333333333333,0.26666666666666666,0.23200813619007496,0.0,75,0.8522666666666665,0.17543859649122806,0.8,0
4.9411764705882355,0.11764705882352941,0.2473430273165349,0.0,17,0.11072664359861573,0.29411764705882354,0.7058823529411765,1
3.25,0.6,0.2457889265830234,0.0,20,1.2,0.6842105263157895,1.0,0
5.0,0.8666666666666667,0.11206153892926828,0.0,15,0.0,0.26666666666666666,1.0,1
4.777777777777778,0.4444444444444444,0.2098833566094622,0.0,9,0.34567901234567905,0.2222222222222222,1.0,1
3.727272727272727,0.09090909090909091,0.064701471307119,0.0,11,1.2561983471074383,0.36363636363636365,0.9090909090909091,1
5.0,0.1111111111111111,0.242339393078653,0.0,18,0.0,0.5076754385964912,0.8333333333333334,1
4.714285714285714,0.21428571428571427,0.22429215275844866,0.0,14,0.4081632653061224,0.3076923076923077,0.9285714285714286,1
4.8125,1.1875,0.11147842933787397,0.0,16,0.3046875,0.375,1.0,1
4.294117647058823,0.29411764705882354,0.16712891396729612,0.0,68,0.830449826989619,0.24528301886792453,0.8088235294117647,0
4.833333333333333,0.0,0.11796370355288188,0.0,6,0.27777777777777796,0.4,1.0,1
3.75,0.25,0.15550411392330812,0.0,8,1.125,0.14285714285714285,1.0,1
3.7058823529411766,1.2941176470588236,0.07240211299687861,0.0,17,1.1695501730103806,0.5294117647058824,0.9411764705882353,1
3.4444444444444446,0.1111111111111111,0.07403942847258987,0.0,9,1.2839506172839505,0.2222222222222222,0.8888888888888888,1
3.872340425531915,0.425531914893617,0.22143063504244642,0.0,47,1.152557718424626,0.42857142857142855,1.0,0
4.909090909090909,0.18181818181818182,0.14144291239173795,0.0,11,0.16528925619834703,0.0,0.8181818181818182,1
3.9411764705882355,0.6666666666666666,0.21931480194503034,0.0,51,0.5651672433679353,0.22448979591836735,1.0,0
3.375,0.0,0.23120829264322917,0.0,8,0.78125,0.0,1.0,1
4.909090909090909,0.18181818181818182,0.13474451329944093,0.0,11,0.16528925619834703,0.2727272727272727,1.0,1
3.375,0.0,0.23120829264322917,0.0,8,0.78125,0.0,1.0,1
3.4444444444444446,0.0,0.21066594990057053,0.0,9,0.7407407407407407,0.0,1.0,1
4.75,0.1875,0.1826735453808578,0.0,16,0.40625,0.3125,0.9375,1
3.2857142857142856,0.14285714285714285,0.17180876205557502,0.0,7,1.3877551020408165,0.5714285714285714,0.5714285714285714,1
3.25,1.3333333333333333,0.02469614138844449,0.0,12,1.0833333333333333,0.3333333333333333,1.0,1
2.75,0.25,0.026649800633398165,0.0,4,1.25,1.0,1.0,1
4.37037037037037,0.2222222222222222,0.16444748470579498,0.0,27,0.6995884773662552,0.2222222222222222,0.9629629629629629,0
4.75,0.25,0.20410931035876273,0.0,8,0.375,0.25,1.0,1
5.0,0.4,0.18829646444569031,0.0,10,0.0,0.4,1.0,1
4.590909090909091,0.13636363636363635,0.271379431269268,0.0,22,0.48347107438016546,0.0625,0.9545454545454546,0
4.0,0.37037037037037035,0.19557739421113246,0.0,54,0.5185185185185185,0.2653061224489796,0.9814814814814815,0
4.8,0.0,0.09887223105681571,0.0,5,0.3200000000000001,0.25,1.0,1
4.071428571428571,0.07142857142857142,0.13593631618028568,0.0,42,0.8401360544217689,1.0,0.8333333333333334,0
3.861111111111111,0.5555555555555556,0.09568033098651592,0.0,36,1.399691358024691,0.48484848484848486,1.0,0
4.545454545454546,0.09090909090909091,0.35671759762547234,0.0,11,0.6611570247933882,0.25,1.0,1
4.944444444444445,0.7222222222222222,0.09590468955911245,0.0,18,0.1049382716049381,0.3333333333333333,1.0,1
3.1176470588235294,0.11764705882352941,0.11928975859312013,0.0,17,0.8304498269896193,1.0,0.8823529411764706,1
3.3,0.0,0.14644107589948746,0.0,10,1.0399999999999998,0.0,1.0,1
4.0,0.1875,0.2401960580296698,0.0,16,0.75,0.46153846153846156,1.0,1
4.666666666666667,0.2222222222222222,0.2052671406004164,0.0,9,0.44444444444444436,0.2222222222222222,1.0,1
4.833333333333333,0.5,0.2526765088826893,0.0,6,0.27777777777777796,0.2,1.0,1
4.266666666666667,1.2666666666666666,0.21223917036062395,0.0,15,0.9777777777777783,0.25,0.9333333333333333,1
4.328125,0.421875,0.1512276689554689,0.0,64,0.7978515625,0.32075471698113206,0.90625,0
4.869565217391305,0.13043478260869565,0.24544860830243484,0.0,46,0.24385633270321333,0.2619047619047619,0.8043478260869565,0
4.049180327868853,0.4098360655737705,0.18414739279261275,0.0,61,1.028755710830422,0.3888888888888889,0.9836065573770492,0
4.083333333333333,0.08333333333333333,0.11586433691940894,0.0,36,0.9166666666666669,1.0,0.8333333333333334,0
4.95,0.2,0.17334923622644025,0.0,20,0.09499999999999983,0.35,1.0,0
4.142857142857143,0.4897959183673469,0.1714446012449957,0.0,49,0.8396501457725946,0.2857142857142857,0.9183673469387755,0
4.083333333333333,0.08333333333333333,0.11586433691940894,0.0,36,0.9166666666666669,1.0,0.8333333333333334,0
4.809523809523809,0.09523809523809523,0.4220113262297615,0.0,21,0.3628117913832202,0.10526315789473684,0.9047619047619048,0
4.361702127659575,0.3617021276595745,0.1117258198223444,0.0,47,0.8963331824354909,0.3076923076923077,0.7872340425531915,0
4.083333333333333,0.0,0.11699008550978197,0.0,12,0.611111111111111,0.8333333333333334,0.6666666666666666,1
3.4545454545454546,0.09090909090909091,0.19082167329210223,0.0,11,1.0578512396694215,0.0,1.0,1
2.7777777777777777,0.1111111111111111,0.07712536387973362,0.0,9,0.691358024691358,0.75,0.8888888888888888,1
3.8260869565217392,0.43478260869565216,0.13465340613909618,0.0,46,1.2192816635160677,0.4418604651162791,1.0,0
4.685714285714286,0.11428571428571428,0.19845032357813588,0.0,35,0.48489795918367307,0.28125,0.7428571428571429,0
2.8636363636363638,0.4090909090909091,0.16369993464171892,0.0,22,1.1735537190082646,1.0,1.0,1
2.5714285714285716,0.5714285714285714,0.09600297002251972,0.0,7,1.0612244897959184,0.8571428571428571,0.8571428571428571,1
4.32,0.24,0.16708599811620026,0.0,25,0.7615999999999999,0.24,0.96,0
3.7586206896551726,1.5689655172413792,0.22273623068319645,0.0,58,0.8311533888228296,3.7536394176931696,0.8793103448275862,0
4.222222222222222,0.5,0.04542861577243898,0.0,18,0.777777777777778,0.19785575048732942,0.9444444444444444,0
3.375,0.0,0.23120829264322917,0.0,8,0.78125,0.0,1.0,0
3.731707317073171,0.5853658536585366,0.10777388025400152,0.0,41,1.44913741820345,0.46153846153846156,1.0,0
4.413793103448276,0.13793103448275862,0.3255079694782946,0.0,29,0.7277051129607606,0.14285714285714285,0.896551724137931,0
4.333333333333333,0.14285714285714285,0.21187813644608505,0.0,21,0.5714285714285716,0.25,0.9523809523809523,0
4.645161290322581,0.7096774193548387,0.2673246484294294,0.0,31,0.5265348595213323,7.50756200846945,0.967741935483871,0
4.117647058823529,0.29411764705882354,0.27771696870857354,0.0,17,0.8304498269896193,0.3826754385964912,1.0,0
4.425,0.1,0.2255727522762178,0.0,40,0.7474999999999999,0.11428571428571428,0.7,0
4.128205128205129,0.38461538461538464,0.19035655582586372,0.0,39,0.7153188691650231,5.650969529085873,1.0,0
4.196428571428571,0.25,0.19431085208882745,0.0,56,0.5165816326530613,0.2549019607843137,0.9464285714285714,0
4.673076923076923,0.11538461538461539,0.2213636727268451,0.0,52,0.5029585798816567,0.9807692307692307,0.9230769230769231,0
3.6666666666666665,0.041666666666666664,0.07691472713654783,0.0,24,1.222222222222222,0.19832189168573608,0.9583333333333334,0
4.888888888888889,0.0,0.2936320980389913,0.0,9,0.19753086419753055,0.5,0.8888888888888888,1
4.555555555555555,0.16666666666666666,0.133528910521964,0.0,18,0.4938271604938272,0.2,0.8333333333333334,1
5.0,1.3333333333333333,0.15439385912724185,1.0,3,0.0,0.0,0.0,1
5.0,0.05333333333333334,0.1339422719451845,1.0,75,0.0,0.9024561403508772,1.0,1
5.0,0.0,0.2223493110565912,1.0,3,0.0,0.5614035087719298,1.0,1
5.0,3.6666666666666665,0.08683836570492498,1.0,3,0.0,0.0,1.0,1
5.0,0.75,0.19702330749893518,1.0,8,0.0,1.0,1.0,1
5.0,0.0,0.1512679148021908,0.5614035087719298,6,0.0,0.5614035087719298,1.0,1
5.0,0.5,0.06803095094642082,0.5614035087719298,14,0.0,0.31228070175438594,1.0,1
5.0,0.6666666666666666,0.12127656336414362,0.5614035087719298,9,0.0,0.6666666666666666,1.0,1
5.0,2.1666666666666665,0.06863286921095108,0.0,12,0.0,0.0,1.0,1
5.0,0.25,0.17849538646586388,1.0,4,0.0,0.5,1.0,1
5.0,0.0,0.11432064560596976,1.0,6,0.0,1.0,1.0,1
4.833333333333333,1.8333333333333333,0.10292701580417984,0.0,12,0.27777777777777796,0.0,0.8333333333333334,1
5.0,0.5,0.08605216787908249,0.0,12,0.0,0.4166666666666667,0.8333333333333334,1
5.0,1.25,0.06715660848673825,0.0,16,0.0,0.16666666666666666,1.0,1
4.866666666666666,0.7333333333333333,0.1617205649833549,0.0,15,0.24888888888888924,1.0,1.0,1
3.5,0.16666666666666666,0.024429335978926815,0.0,6,1.6666666666666667,0.0,1.0,1
